date,tier,R_t,cash_pct,n_holdings,turnover,holdings
2010-02-01,1_cap_pres,0.317,0.488,12,1.0,"AIG,CME,ICE,MSCI,NDAQ,TDG,GPN,V,FDS,AMP,BLK,PM"
2010-03-01,1_cap_pres,0.288,0.466,12,0.583,"LLY,BRO,KO,AMGN,ICE,MA,GILD,CME,NDAQ,MSCI,BMY,GPN"
2010-04-01,1_cap_pres,0.242,0.431,12,0.583,"V,LLY,MA,GILD,ICE,PODD,BRO,MCO,SPGI,PFE,VRTX,BSX"
2010-05-03,1_cap_pres,0.35,0.513,12,0.5,"LLY,V,GILD,BMY,AMGN,MA,MRK,INCY,MCO,MSCI,PODD,NDAQ"
2010-06-01,1_cap_pres,0.739,0.804,12,0.5,"V,LLY,MA,AMP,MSCI,MO,AMGN,JNJ,MCO,AON,EFX,PFE"
2010-07-01,1_cap_pres,0.815,0.861,12,0.833,"INCY,AMP,GPN,CME,REGN,BLK,RMD,NDAQ,UHS,MSCI,TROW,GE"
2010-08-02,1_cap_pres,0.515,0.636,12,0.833,"V,MA,IDXX,ICE,UHS,GILD,JNJ,CL,BMY,LLY,CME,BSX"
2010-09-01,1_cap_pres,0.691,0.768,12,0.5,"LLY,MA,V,BRO,NDAQ,GILD,ICE,UHS,INCY,AMGN,PODD,RMD"
2010-10-01,1_cap_pres,0.471,0.603,12,0.667,"BRO,ICE,CME,MO,MRK,VRTX,AMP,NDAQ,KMB,PFE,AMGN,TDG"
2010-11-01,1_cap_pres,0.375,0.531,12,0.833,"LLY,BMY,PODD,MCO,MRK,INCY,GPN,BLK,EW,KMB,RMD,V"
2010-12-01,1_cap_pres,0.428,0.571,12,0.583,"LLY,V,BMY,MO,MCO,MA,SPGI,AFL,MSCI,GILD,INCY,AMGN"
2011-01-03,1_cap_pres,0.25,0.437,12,0.333,"MA,V,MCO,LLY,GILD,MO,INCY,CME,ICE,AMGN,MAS,FDS"
2011-02-01,1_cap_pres,0.167,0.375,12,0.583,"INCY,MO,V,MSCI,BSX,MRK,MA,BMY,AMGN,RMD,JNJ,SPGI"
2011-03-01,1_cap_pres,0.318,0.488,12,0.333,"LLY,MA,INCY,MSCI,AMGN,V,VRSK,RMD,MRK,ISRG,BMY,TROW"
2011-04-01,1_cap_pres,0.251,0.438,12,0.5,"ICE,LLY,AMP,RMD,AMGN,AFL,MA,V,CME,BSX,BMY,JNJ"
2011-05-02,1_cap_pres,0.303,0.478,12,0.667,"AMP,NDAQ,BRO,ICE,MSCI,TROW,ISRG,CME,AON,GILD,AJG,V"
2011-06-01,1_cap_pres,0.396,0.547,12,0.75,"INCY,AMP,NDAQ,AFL,CME,IDXX,HIG,GE,ALL,BMY,ZBH,LLY"
2011-07-01,1_cap_pres,0.29,0.467,12,0.833,"LLY,MO,AMGN,MCO,FDS,AMP,PM,RMD,BRO,MRK,CBOE,GILD"
2011-08-01,1_cap_pres,0.6,0.7,12,0.667,"INCY,BRO,MO,JNJ,MRK,PEP,AMGN,PODD,V,EW,PFE,MSCI"
2011-09-01,1_cap_pres,0.743,0.807,12,0.75,"AMP,MCO,MA,INCY,MSCI,ICE,AFL,V,NDAQ,LLY,UNP,TROW"
2011-10-03,1_cap_pres,0.894,0.92,12,0.583,"INCY,BRO,AMP,IDXX,MSCI,V,GPN,PODD,RMD,MA,TDG,MRSH"
2011-11-01,1_cap_pres,0.739,0.804,12,0.667,"LLY,MO,INCY,V,BMY,ICE,AMGN,RMD,CME,MA,NDAQ,REGN"
2011-12-01,1_cap_pres,0.708,0.781,12,0.667,"CME,LLY,ICE,RMD,AMP,BRO,GILD,AON,KO,AFL,EW,MSCI"
2012-01-03,1_cap_pres,0.585,0.689,12,0.667,"MA,ICE,FDS,NDAQ,MO,MSCI,CME,TDG,CBOE,MNST,MCO,RMD"
2012-02-01,1_cap_pres,0.43,0.573,12,0.583,"LLY,BMY,MO,MA,NDAQ,V,PFE,KO,ICE,BRO,MSCI,MRK"
2012-03-01,1_cap_pres,0.343,0.507,12,0.667,"AFL,BRO,GILD,LLY,FDS,MRK,AON,PEP,UAL,AMGN,WTW,NDAQ"
2012-04-02,1_cap_pres,0.329,0.497,12,0.667,"BRO,AMP,GPN,UHS,PODD,NDAQ,ROK,LLY,AFL,V,UNP,ICE"
2012-05-01,1_cap_pres,0.34,0.505,12,0.5,"AMP,CME,BLK,ICE,NDAQ,PODD,MCO,V,LLY,MSCI,FAST,MA"
2012-06-01,1_cap_pres,0.654,0.741,12,0.5,"AMP,RMD,SPGI,MA,BRO,KO,LLY,ICE,NDAQ,BSX,PFE,V"
2012-07-02,1_cap_pres,0.373,0.53,12,0.75,"RMD,CME,FDS,MCO,ITW,MA,A,BSX,REGN,PNR,NDSN,MNST"
2012-08-01,1_cap_pres,0.424,0.568,12,0.75,"ICE,BRO,MA,CME,ISRG,TDG,MNST,LLY,IDXX,PODD,MSCI,VRTX"
2012-09-04,1_cap_pres,0.376,0.532,12,0.833,"KO,MA,MO,MRK,FDS,ISRG,JNJ,V,CSX,NDAQ,INCY,PM"
2012-10-01,1_cap_pres,0.321,0.491,12,0.833,"ICE,MO,UNP,INCY,BRO,CME,PEP,GPN,LLY,MSCI,MNST,VRSK"
2012-11-01,1_cap_pres,0.362,0.522,12,0.417,"VRTX,LLY,MO,DXCM,BRO,KO,CME,INCY,GILD,WTW,ICE,PEP"
2012-12-03,1_cap_pres,0.417,0.563,12,0.667,"NDAQ,ICE,TDG,VRTX,MRK,INCY,RMD,LLY,TROW,DVA,EW,MA"
2013-01-02,1_cap_pres,0.274,0.456,12,0.667,"LLY,ICE,INCY,CME,AMGN,MRK,MO,FDS,GILD,BRO,PG,PM"
2013-02-01,1_cap_pres,0.154,0.365,12,0.667,"MA,V,LLY,INCY,TDG,IDXX,AON,AFL,AMGN,MRK,RMD,AMP"
2013-03-01,1_cap_pres,0.257,0.443,12,0.667,"MA,MO,V,GPN,IDXX,MCO,A,MSCI,ISRG,TROW,RMD,KO"
2013-04-01,1_cap_pres,0.238,0.429,12,0.583,"INCY,MA,ROK,FDS,AMP,V,EW,CME,MSCI,ISRG,NDAQ,TROW"
2013-05-01,1_cap_pres,0.324,0.493,12,0.417,"INCY,LLY,MSCI,BRO,V,ROK,BMY,AMP,MA,PODD,IDXX,EW"
2013-06-03,1_cap_pres,0.335,0.501,12,0.667,"LLY,INCY,RMD,AMGN,IDXX,ICE,PFE,MO,KO,VRSK,V,WTW"
2013-07-01,1_cap_pres,0.47,0.603,12,0.667,"LLY,BMY,MRK,AMP,BLK,MO,RMD,MCO,PM,GILD,CSX,PFE"
2013-08-01,1_cap_pres,0.299,0.474,12,0.667,"V,MO,BMY,CME,BRO,KO,NDAQ,LLY,MRK,AJG,DXCM,PODD"
2013-09-03,1_cap_pres,0.538,0.653,12,0.417,"MNST,LLY,KO,BRO,MRK,MO,MCO,AFL,FDS,BMY,JNJ,V"
2013-10-01,1_cap_pres,0.253,0.439,12,0.333,"LLY,MNST,VRTX,FDS,MO,GILD,KO,AMP,JNJ,BRO,V,BSX"
2013-11-01,1_cap_pres,0.215,0.411,12,0.583,"BRO,MRK,CME,FDS,RMD,EW,LLY,ICE,UNP,V,INCY,BSX"
2013-12-02,1_cap_pres,0.16,0.37,12,0.75,"IDXX,LLY,MO,RMD,AMGN,PM,DLTR,BRO,ISRG,PEP,MA,ES"
2014-01-02,1_cap_pres,0.21,0.407,12,0.667,"LLY,RMD,ABBV,MSCI,AMGN,PFE,JNJ,FDS,BRO,REGN,PODD,AFL"
2014-02-03,1_cap_pres,0.685,0.764,12,0.75,"MO,BMY,ZTS,AMP,MA,ICE,KO,RMD,CL,ABBV,JNJ,PM"
2014-03-03,1_cap_pres,0.481,0.61,12,0.583,"V,MA,ICE,AMP,INCY,CME,ZTS,MCO,ABBV,SPGI,NDAQ,BLK"
2014-04-01,1_cap_pres,0.272,0.454,12,0.417,"V,NDAQ,ICE,MA,BMY,GILD,INCY,ZTS,CME,MNST,LLY,IDXX"
2014-05-01,1_cap_pres,0.333,0.5,12,0.583,"DXCM,LLY,INCY,MSCI,V,AMGN,PODD,MA,ISRG,MNST,BSX,MCO"
2014-06-02,1_cap_pres,0.332,0.499,12,0.667,"INCY,LLY,BMY,V,IDXX,RMD,EW,AFL,BSX,ZTS,KO,ICE"
2014-07-01,1_cap_pres,0.211,0.409,12,0.583,"MA,RMD,V,REGN,ICE,UAL,AFL,PM,BRO,TDG,ZTS,MO"
2014-08-01,1_cap_pres,0.728,0.796,12,0.75,"MO,LLY,KO,CL,JNJ,AFL,ABBV,AON,PM,MKC,BF-B,IDXX"
2014-09-02,1_cap_pres,0.433,0.575,12,0.583,"MA,ICE,V,CL,ABBV,IDXX,PM,PEP,INCY,BF-B,CLX,PODD"
2014-10-01,1_cap_pres,0.787,0.84,12,0.75,"RMD,MA,V,VRSK,AMP,EFX,NDSN,FDS,AFL,NDAQ,INCY,MRK"
2014-11-03,1_cap_pres,0.566,0.674,12,0.917,"LLY,BRO,VEEV,DXCM,GILD,KO,UHS,ICE,MRK,MAS,ZTS,PODD"
2014-12-01,1_cap_pres,0.523,0.642,12,0.667,"GILD,BRO,CME,MSCI,PODD,VRSK,LLY,CBOE,NDAQ,AMP,MO,TROW"
2015-01-02,1_cap_pres,0.641,0.731,12,0.583,"ICE,GILD,LLY,MA,INCY,VEEV,AMGN,MO,AMP,MRK,ABBV,BRO"
2015-02-02,1_cap_pres,0.775,0.831,12,0.583,"ABBV,ICE,V,MA,PODD,BRO,KO,MCO,AMGN,TROW,ZTS,JNJ"
2015-03-02,1_cap_pres,0.448,0.586,12,0.667,"LLY,AMP,BRO,MCO,MRK,ES,ABBV,CBOE,V,DXCM,VEEV,IDXX"
2015-04-01,1_cap_pres,0.734,0.8,12,0.667,"V,MA,MO,BMY,AMP,INCY,ABBV,GILD,CME,UNP,PODD,IDXX"
2015-05-01,1_cap_pres,0.464,0.598,12,0.667,"ZTS,RMD,BRO,V,LLY,ICE,MO,NDAQ,PODD,PFE,IDXX,AFL"
2015-06-01,1_cap_pres,0.494,0.621,12,0.583,"RMD,MO,AMP,MA,AFL,ICE,V,AMGN,CME,CL,UNP,TROW"
2015-07-01,1_cap_pres,0.611,0.708,12,0.583,"ICE,RMD,V,AMP,CME,NDAQ,MRK,GILD,PFE,IDXX,SPGI,INCY"
2015-08-03,1_cap_pres,0.48,0.61,12,0.667,"LLY,INCY,BMY,ICE,VEEV,MCO,AON,BRO,AMP,MA,SPGI,PODD"
2015-09-01,1_cap_pres,0.83,0.873,12,0.583,"ABBV,PODD,MCO,GILD,AMP,AMGN,MA,AFL,AJG,BRO,PM,BF-B"
2015-10-01,1_cap_pres,0.795,0.846,12,0.667,"ABBV,GILD,VEEV,AMGN,ZTS,MRK,REGN,VRTX,PODD,TDG,ISRG,V"
2015-11-02,1_cap_pres,0.388,0.541,12,0.667,"IDXX,LLY,V,PODD,MCO,UHS,MA,ZTS,BRO,UNP,VEEV,VRSK"
2015-12-01,1_cap_pres,0.379,0.534,12,0.75,"MA,AMP,ABBV,GILD,ICE,IDXX,AMGN,UAL,MO,CME,FDS,V"
2016-01-04,1_cap_pres,0.627,0.72,12,0.5,"RMD,AMP,FDS,V,INCY,MA,GPN,LLY,GILD,DXCM,CME,MNST"
2016-02-01,1_cap_pres,0.764,0.823,12,0.5,"INCY,LLY,AMP,GILD,ZTS,MA,BMY,VEEV,DXCM,REGN,MCO,SPGI"
2016-03-01,1_cap_pres,0.694,0.77,12,0.5,"LLY,ICE,INCY,AMP,RMD,BMY,ZTS,GILD,AMGN,CME,KO,TDG"
2016-04-01,1_cap_pres,0.437,0.578,12,0.417,"LLY,ABBV,VEEV,BMY,RMD,INCY,MO,ICE,MRK,TDG,NDAQ,AMP"
2016-05-02,1_cap_pres,0.432,0.574,12,0.583,"GILD,PODD,INCY,RMD,KO,V,NDAQ,LLY,TDG,IQV,DXCM,MKC"
2016-06-01,1_cap_pres,0.364,0.523,12,0.667,"LLY,MA,ABBV,MO,KO,V,PM,PEP,JNJ,CL,GILD,ES"
2016-07-01,1_cap_pres,0.529,0.647,12,0.75,"MA,V,AMP,ICE,NDAQ,MCO,KO,GPN,EW,UNP,INCY,AMGN"
2016-08-01,1_cap_pres,0.376,0.532,12,0.667,"GILD,INCY,BRO,AFL,MO,KO,AON,MRK,AMP,GPN,TROW,BMY"
2016-09-01,1_cap_pres,0.336,0.502,12,0.75,"LLY,ABBV,ZTS,MNST,INCY,BMY,GILD,JNJ,VRTX,AMGN,UHS,MA"
2016-10-03,1_cap_pres,0.448,0.586,12,0.667,"ICE,FDS,ABBV,MO,VRTX,AMGN,MSCI,CME,DXCM,BMY,AMP,NDAQ"
2016-11-01,1_cap_pres,0.568,0.676,12,0.5,"LLY,AMP,RMD,AMGN,MCO,CME,ABBV,ZTS,NDAQ,DXCM,PODD,REGN"
2016-12-01,1_cap_pres,0.369,0.527,12,0.583,"LLY,V,MA,GILD,PODD,ZTS,MSCI,NDAQ,MRK,SPGI,JNJ,ABBV"
2017-01-03,1_cap_pres,0.294,0.471,12,0.5,"AMP,MCO,ICE,MSCI,SPGI,NDAQ,CME,V,DXCM,MA,PODD,GPN"
2017-02-01,1_cap_pres,0.258,0.443,12,0.75,"MA,BRO,GILD,BMY,AMP,TROW,ABBV,TDG,AFL,PYPL,JNJ,V"
2017-03-01,1_cap_pres,0.225,0.419,12,0.5,"ZTS,GILD,ICE,KO,MNST,BRO,GPN,V,ABBV,MA,VEEV,TDG"
2017-04-03,1_cap_pres,0.332,0.499,12,0.75,"BRO,MO,BMY,CME,INCY,AMGN,TROW,FDS,NDAQ,AMP,ICE,ABBV"
2017-05-01,1_cap_pres,0.258,0.443,12,0.333,"INCY,LLY,CME,AMP,MO,FAST,ICE,URI,NDAQ,RMD,BRO,AMGN"
2017-06-01,1_cap_pres,0.297,0.473,12,0.5,"LLY,AMGN,AMP,GILD,DXCM,BMY,ABBV,CME,PFE,ICE,NDAQ,UHS"
2017-07-03,1_cap_pres,0.382,0.537,12,0.833,"V,MA,DXCM,CL,MSCI,LLY,MO,BRO,INCY,MKC,MRK,BF-B"
2017-08-01,1_cap_pres,0.263,0.447,12,0.583,"LLY,MO,IDXX,BMY,ABBV,INCY,CL,PM,DXCM,UHS,AMGN,REGN"
2017-09-01,1_cap_pres,0.401,0.551,12,0.833,"LLY,MO,VEEV,ICE,AMP,EW,JNJ,NDAQ,KO,FDS,MDT,AON"
2017-10-02,1_cap_pres,0.288,0.466,12,0.75,"ZTS,INCY,V,MA,EW,KO,TDG,DXCM,RMD,GILD,VEEV,PM"
2017-11-01,1_cap_pres,0.357,0.517,12,0.75,"LLY,GILD,ICE,NDAQ,AMGN,MSCI,MRK,INCY,BMY,VST,AON,PM"
2017-12-01,1_cap_pres,0.426,0.569,12,0.417,"V,INCY,MA,VST,LLY,GILD,ABBV,BMY,MRK,BSX,AMGN,AMP"
2018-01-02,1_cap_pres,0.357,0.517,12,0.667,"LLY,MCO,BRO,BMY,NDAQ,AON,AMP,CME,MA,ICE,FDS,AJG"
2018-02-01,1_cap_pres,0.583,0.687,12,0.583,"LLY,INCY,MO,UNP,AMP,BMY,JNJ,AMGN,ICE,REGN,AFL,NDAQ"
2018-03-01,1_cap_pres,0.593,0.695,12,0.583,"MO,AMP,INCY,LLY,GILD,MNST,MRK,ZBH,KO,ABBV,TDG,JNJ"
2018-04-02,1_cap_pres,0.729,0.797,12,0.5,"AMP,ABBV,INCY,AMGN,BRO,MO,EFX,DVA,MA,BMY,LLY,KO"
2018-05-01,1_cap_pres,0.555,0.666,12,0.417,"MO,BMY,INCY,AMP,CME,GILD,LLY,AMGN,CL,ALLE,EFX,PM"
2018-06-01,1_cap_pres,0.473,0.605,12,0.833,"ABBV,V,AON,MO,PM,UHS,JNJ,MA,GPN,ZBH,MKC,AJG"
2018-07-02,1_cap_pres,0.485,0.614,12,0.667,"ABBV,AFL,MCO,NDAQ,BLK,AMP,CME,BRO,AON,ICE,V,MA"
2018-08-01,1_cap_pres,0.284,0.463,12,0.5,"INCY,MA,MSCI,CME,ICE,SPGI,MCO,FDS,VST,PODD,V,AMP"
2018-09-04,1_cap_pres,0.293,0.469,12,1.0,"KO,ABBV,TDG,GILD,ZTS,MO,LLY,PM,TROW,MNST,PEP,MRK"
2018-10-01,1_cap_pres,0.226,0.419,12,0.75,"BRO,ICE,NDAQ,ABBV,MCO,LLY,DXCM,MNST,FDS,SPGI,INCY,WTW"
2018-11-01,1_cap_pres,0.619,0.715,12,0.667,"BMY,AMP,GILD,ABBV,LLY,AMGN,REGN,MSCI,VST,MA,MCO,INCY"
2018-12-03,1_cap_pres,0.506,0.629,12,0.583,"MO,BMY,ZTS,PM,GILD,V,BRO,MA,AMP,DXCM,INCY,CBOE"
2019-01-02,1_cap_pres,0.805,0.854,12,0.583,"PM,MO,JNJ,AON,FDS,MNST,PODD,ICE,V,MA,GILD,KO"
2019-02-01,1_cap_pres,0.566,0.675,12,0.833,"ABBV,V,AMGN,MO,BRO,RMD,LLY,ZTS,CME,MKC,VST,DXCM"
2019-03-01,1_cap_pres,0.41,0.558,12,0.667,"KO,GILD,ICE,ABBV,CME,VST,AMP,ES,CBOE,ALLE,EW,AMGN"
2019-04-01,1_cap_pres,0.451,0.588,12,0.833,"CME,BMY,MNST,DXCM,JNJ,INCY,BSX,BRO,PM,ABBV,LLY,AJG"
2019-05-01,1_cap_pres,0.47,0.602,12,0.75,"LLY,INCY,ABBV,AMGN,REGN,EW,PODD,ISRG,GILD,MO,MRK,UHS"
2019-06-03,1_cap_pres,0.735,0.801,12,0.75,"MA,ALGN,VST,BLK,GE,MO,INCY,NDSN,TDG,ZBH,V,EW"
2019-07-01,1_cap_pres,0.482,0.612,12,0.583,"AMP,LLY,MO,MA,VST,ALGN,ABBV,MSCI,FDS,BMY,MNST,ZBH"
2019-08-01,1_cap_pres,0.625,0.719,12,0.417,"ABBV,AMP,MSCI,MA,NDAQ,V,MO,AFL,VST,FDS,JNJ,ICE"
2019-09-03,1_cap_pres,0.76,0.82,12,0.417,"MO,GILD,INCY,AFL,AMP,PM,LLY,V,FDS,VEEV,JNJ,ABBV"
2019-10-01,1_cap_pres,0.653,0.74,12,0.5,"GILD,FDS,MO,AMP,V,INCY,PFE,MSCI,MCO,MA,UNP,AMGN"
2019-11-01,1_cap_pres,0.393,0.544,12,0.833,"CME,ICE,MA,ZTS,UHS,LLY,V,VEEV,NDAQ,DXCM,PODD,VRSK"
2019-12-02,1_cap_pres,0.426,0.57,12,0.75,"BRO,BMY,V,AFL,PM,AOS,UHS,IDXX,GILD,DLTR,VST,ZTS"
2020-01-02,1_cap_pres,0.29,0.467,12,0.667,"VST,INCY,MO,GILD,ICE,CME,PODD,UHS,ABBV,EW,VEEV,BMY"
2020-02-03,1_cap_pres,0.594,0.695,12,0.583,"ABBV,AMGN,MO,ALGN,INCY,VST,AMP,REGN,URI,BMY,LLY,A"
2020-03-02,1_cap_pres,0.793,0.845,12,0.583,"AMP,LLY,MO,BMY,AFL,UNP,NDSN,JNJ,ALGN,BLK,PFE,TDG"
2020-04-01,1_cap_pres,0.9,0.925,12,0.75,"MA,ABBV,TDG,BRO,V,AON,ALLE,KO,ZTS,GPN,AMP,ALGN"
2020-05-01,1_cap_pres,0.761,0.821,12,0.417,"BRO,MO,AMP,CME,MA,KO,MRK,AON,V,AJG,ZTS,FDS"
2020-06-01,1_cap_pres,0.57,0.677,12,0.833,"LLY,GILD,BMY,CME,AMGN,MSCI,RMD,DXCM,JNJ,PODD,PFE,KO"
2020-07-01,1_cap_pres,0.567,0.676,12,0.667,"CME,VST,KO,V,AFL,MA,JNJ,ICE,BRO,GPN,PFE,BIIB"
2020-08-03,1_cap_pres,0.447,0.585,12,0.75,"LLY,GILD,ABBV,INCY,VST,AMGN,V,CME,MCO,MO,MSCI,VRTX"
2020-09-01,1_cap_pres,0.371,0.528,12,0.5,"LLY,AMP,BMY,INCY,GILD,MO,ABBV,VST,PFE,AFL,NDSN,FDS"
2020-10-01,1_cap_pres,0.48,0.61,12,0.583,"TDG,ABBV,MO,UAL,LLY,AMP,VST,BSX,V,EFX,UHS,NDAQ"
2020-11-02,1_cap_pres,0.55,0.663,12,0.75,"MA,LLY,V,MO,BRO,GILD,INCY,MCO,AMGN,ICE,AON,CME"
2020-12-01,1_cap_pres,0.289,0.467,12,0.583,"MA,AMGN,ZTS,RMD,V,BMY,LLY,BRO,ISRG,VST,KO,NDAQ"
2021-01-04,1_cap_pres,0.289,0.466,12,0.833,"MO,PFE,AMP,AFL,PM,MRK,FDS,ABBV,CME,AMGN,KO,TDG"
2021-02-01,1_cap_pres,0.319,0.49,12,0.75,"V,MA,BRO,ZTS,KO,MRK,CME,UNP,ALLE,ICE,GPN,EW"
2021-03-01,1_cap_pres,0.251,0.438,12,0.833,"GILD,INCY,VST,MRK,AMGN,LLY,RMD,ABBV,CL,MSCI,ZTS,PFE"
2021-04-01,1_cap_pres,0.201,0.401,12,0.75,"LLY,V,MA,VST,ABBV,ICE,IDXX,BRO,CB,CME,TDG,AMP"
2021-05-03,1_cap_pres,0.184,0.388,12,0.5,"LLY,MO,MA,ICE,VST,AMGN,CME,TDG,RMD,GPN,GILD,DXCM"
2021-06-01,1_cap_pres,0.214,0.411,12,0.5,"AMGN,MO,ICE,MA,GILD,ABBV,JNJ,LLY,MRK,BRO,MSCI,AMP"
2021-07-01,1_cap_pres,0.261,0.446,12,0.583,"INCY,MO,AMP,LLY,WTW,AON,AFL,ABBV,KO,GILD,SNA,BMY"
2021-08-02,1_cap_pres,0.387,0.54,12,0.667,"MA,INCY,V,AMGN,GPN,MO,ABBV,MRK,UAL,WTW,TDG,BLK"
2021-09-01,1_cap_pres,0.244,0.433,12,0.5,"MA,V,LLY,AMGN,BMY,CME,ABBV,UNP,TDG,AMP,GPN,CL"
2021-10-01,1_cap_pres,0.575,0.681,12,0.833,"LLY,BMY,RMD,VST,IDXX,ZTS,VEEV,REGN,MCO,JNJ,PFE,BF-B"
2021-11-01,1_cap_pres,0.367,0.525,12,0.833,"V,MA,GILD,MO,TDG,LLY,MNST,PYPL,BMY,PM,AMGN,BIIB"
2021-12-01,1_cap_pres,0.668,0.751,12,0.667,"LLY,V,VEEV,MRK,AMP,PODD,BMY,ICE,MA,TROW,ALGN,BSX"
2022-01-03,1_cap_pres,0.282,0.461,12,0.75,"MSCI,DXCM,ICE,NDAQ,AON,AMP,MCO,VEEV,VRSK,URI,SPGI,MRSH"
2022-02-01,1_cap_pres,0.664,0.748,12,0.667,"GILD,ZTS,LLY,ICE,TROW,FDS,AMP,VST,NDAQ,ISRG,IDXX,MRSH"
2022-03-01,1_cap_pres,0.861,0.896,12,0.667,"MA,V,AMP,INCY,GILD,MSCI,ZTS,NDAQ,GPN,PFE,AFL,CL"
2022-04-01,1_cap_pres,0.598,0.699,12,0.667,"ZTS,ICE,UNP,AMP,MAS,PFE,VST,RMD,CME,GILD,UHS,LLY"
2022-05-02,1_cap_pres,0.756,0.817,12,0.583,"ABBV,BRO,AMGN,AFL,INCY,LLY,ZTS,RMD,NDAQ,PFE,ICE,IDXX"
2022-06-01,1_cap_pres,0.626,0.72,12,0.75,"ABBV,BMY,INCY,DVA,UHS,CME,BRO,KO,AON,DXCM,MCO,AMP"
2022-07-01,1_cap_pres,0.718,0.788,12,0.917,"MO,AMP,MA,VST,V,TDG,ICE,GPN,URI,ALLE,MMM,GE"
2022-08-01,1_cap_pres,0.519,0.639,12,0.917,"LLY,ABBV,INCY,BMY,ZTS,CME,MRK,GILD,AMGN,REGN,AON,V"
2022-09-01,1_cap_pres,0.531,0.648,12,0.75,"VEEV,MA,V,MCO,ZTS,MSCI,IDXX,SPGI,VRT,RMD,INCY,EW"
2022-10-03,1_cap_pres,0.646,0.735,12,0.5,"MA,V,VST,MCO,ZTS,MSCI,CME,SPGI,KO,ICE,KMB,GPN"
2022-11-01,1_cap_pres,0.539,0.654,12,0.75,"BRO,RMD,VEEV,ICE,ZTS,LLY,ABBV,PYPL,CME,FDS,TROW,NDAQ"
2022-12-01,1_cap_pres,0.423,0.567,12,0.583,"LLY,BRO,AMGN,BMY,AMP,VST,RMD,PYPL,DXCM,PODD,CME,INCY"
2023-01-03,1_cap_pres,0.449,0.587,12,0.5,"VST,AMP,AMGN,BMY,FDS,MSCI,ZTS,RMD,GILD,MO,INCY,VEEV"
2023-02-01,1_cap_pres,0.292,0.469,12,0.667,"LLY,ABBV,AMGN,GILD,MRK,JNJ,BMY,BRO,ALL,NDAQ,CME,MO"
2023-03-01,1_cap_pres,0.387,0.541,12,0.5,"LLY,MA,BMY,V,ICE,GILD,ISRG,NDAQ,BRO,JNJ,INCY,VST"
2023-04-03,1_cap_pres,0.331,0.498,12,0.75,"INCY,VST,MO,AMP,UAL,ALLE,ZTS,PM,VRT,AFL,URI,MA"
2023-05-01,1_cap_pres,0.255,0.442,12,0.75,"VST,MSCI,CME,AMGN,GILD,BMY,PFE,ABBV,ES,AMP,INCY,ICE"
2023-06-01,1_cap_pres,0.21,0.407,12,0.583,"ZTS,ABBV,BRO,MO,AMGN,MA,V,KO,INCY,CME,BMY,PODD"
2023-07-03,1_cap_pres,0.117,0.338,12,0.667,"ABBV,NDAQ,MSCI,BMY,GILD,REGN,CME,FDS,RMD,INCY,LLY,PFE"
2023-08-01,1_cap_pres,0.17,0.377,12,0.75,"MO,DXCM,MRK,MA,EW,V,BMY,AON,GILD,PODD,LLY,ZBH"
2023-09-01,1_cap_pres,0.21,0.407,12,0.75,"JNJ,KO,GILD,ABBV,MKC,RMD,CL,INCY,AMGN,PEP,PODD,DXCM"
2023-10-02,1_cap_pres,0.405,0.553,12,0.833,"LLY,MA,V,BRO,INCY,ZTS,BMY,AMP,MO,MRK,JNJ,BLK"
2023-11-01,1_cap_pres,0.446,0.585,12,0.5,"MSCI,LLY,ZTS,MA,BMY,VEEV,AMGN,TROW,AMP,IDXX,INCY,SPGI"
2023-12-01,1_cap_pres,0.203,0.403,12,0.5,"LLY,INCY,BMY,BRO,GILD,AMGN,MSCI,AON,CME,VST,ABBV,ZTS"
2024-01-02,1_cap_pres,0.199,0.399,12,0.667,"LLY,BRO,V,CME,MA,AON,AJG,AFL,MRSH,FDS,NDAQ,ACGL"
2024-02-01,1_cap_pres,0.189,0.392,12,0.75,"GILD,INCY,BMY,AFL,ZTS,MNST,NDAQ,PFE,JNJ,MO,LLY,IDXX"
2024-03-01,1_cap_pres,0.222,0.416,12,0.75,"RMD,AMGN,GILD,MCO,DXCM,PODD,NDAQ,ZTS,MSCI,FDS,SPGI,KO"
2024-04-01,1_cap_pres,0.269,0.452,12,0.583,"V,INCY,ZTS,IDXX,LLY,GILD,ICE,PODD,DLTR,BMY,RMD,FDS"
2024-05-01,1_cap_pres,0.547,0.66,12,0.5,"MA,ALGN,BMY,PODD,ICE,EFX,IDXX,V,INCY,MSCI,GPN,DXCM"
2024-06-03,1_cap_pres,0.32,0.49,12,0.583,"MA,V,VEEV,BMY,ALGN,FDS,ABBV,GPN,GILD,ALLE,MNST,MKC"
2024-07-01,1_cap_pres,0.24,0.43,12,0.833,"V,MA,RMD,BRO,CME,TDG,MSCI,MRK,PEP,AMP,PYPL,ZTS"
2024-08-01,1_cap_pres,0.623,0.718,12,0.667,"LLY,AMP,VST,MRK,VRT,DXCM,V,EW,TROW,CME,IDXX,ETN"
2024-09-03,1_cap_pres,0.524,0.643,12,0.5,"VST,PFE,ZTS,IDXX,TROW,PODD,AMGN,DXCM,MRK,DLTR,GE,CME"
2024-10-01,1_cap_pres,0.473,0.605,12,0.75,"LLY,AMGN,V,MO,MCO,RMD,ZTS,REGN,ABBV,PFE,ICE,JNJ"
2024-11-01,1_cap_pres,0.532,0.649,12,0.583,"LLY,MSCI,ICE,AFL,MCO,KO,SPGI,ZTS,IDXX,EFX,MRK,REGN"
2024-12-02,1_cap_pres,0.329,0.497,12,0.75,"ABBV,LLY,INCY,VEEV,AMGN,GILD,BRO,ZTS,TDG,MA,MRK,ALLE"
2025-01-02,1_cap_pres,0.619,0.714,12,0.667,"VEEV,ICE,ZTS,AMGN,ALLE,IDXX,MSCI,RMD,BF-B,MAS,MO,FAST"
2025-02-03,1_cap_pres,0.624,0.718,12,0.667,"LLY,EW,VST,AMP,MNST,MRK,VRT,MSCI,RMD,REGN,BF-B,MO"
2025-03-03,1_cap_pres,0.729,0.797,12,0.75,"VST,VRT,VEEV,AMP,TROW,DXCM,INCY,PYPL,FDS,TLN,ARES,IDXX"
2025-04-01,1_cap_pres,0.73,0.797,12,0.75,"INCY,LLY,DXCM,ABBV,MRK,UAL,BMY,AMGN,GILD,AMP,JNJ,ZTS"
2025-05-01,1_cap_pres,0.652,0.739,12,0.583,"BMY,BRO,AMP,GILD,AMGN,PODD,GPN,LLY,UNP,V,AON,MSCI"
2025-06-02,1_cap_pres,0.418,0.564,12,0.833,"LLY,ABBV,AFL,GPN,MKC,MA,MRK,ICE,EFX,RMD,ZBH,REGN"
2025-07-01,1_cap_pres,0.336,0.502,12,0.75,"LLY,ZTS,MA,V,AMGN,ABBV,BMY,INCY,BRO,MO,GILD,MRSH"
2025-08-01,1_cap_pres,0.429,0.572,12,0.5,"BRO,AMP,LLY,V,FDS,ZTS,PM,CL,VRSK,AJG,BMY,MRSH"
2025-09-02,1_cap_pres,0.38,0.535,12,0.917,"VST,ICE,CME,NDAQ,RMD,VEEV,GILD,AMP,MCO,TDG,KO,VRT"
2025-10-01,1_cap_pres,0.34,0.505,12,0.583,"NDAQ,ICE,DXCM,AMP,MA,TROW,PODD,MCO,VST,UAL,SPGI,FDS"
2025-11-03,1_cap_pres,0.438,0.578,12,0.583,"AMP,BRO,ICE,MO,ABBV,MA,RMD,VST,V,NDAQ,BLK,GPN"
2025-12-01,1_cap_pres,0.429,0.572,12,0.5,"INCY,VST,V,MA,MSCI,AMP,VEEV,AFL,BLK,RMD,TROW,URI"
2026-01-02,1_cap_pres,0.365,0.523,12,0.75,"IDXX,MO,PODD,RMD,PEP,BF-B,GPN,VEEV,AMP,ZBH,KO,BRO"
2026-02-02,1_cap_pres,0.391,0.543,12,0.667,"V,BRO,IDXX,LLY,MA,INCY,ISRG,PODD,VEEV,FDS,VST,ZTS"
2026-03-02,1_cap_pres,0.552,0.664,12,0.583,"LLY,AMP,INCY,MA,V,ICE,BRO,AFL,GILD,RMD,ALLE,UHS"
2026-04-01,1_cap_pres,0.717,0.788,12,0.417,"LLY,AMGN,V,AMP,BRO,ISRG,MA,RMD,GILD,TDG,ABBV,PODD"
2026-05-01,1_cap_pres,0.39,0.542,12,0.5,"AMGN,ICE,GILD,BRO,LLY,MA,MRK,RMD,BMY,ZTS,CME,JNJ"
2010-02-01,2_balanced,0.317,0.372,20,1.0,"GEN,FISV,ADBE,TPL,NEM,PAYX,MU,ADSK,GOOGL,GOOG,AIG,MS,CME,BX,FSLR,GS,APH,NVDA,SCHW,MSFT"
2010-03-01,2_balanced,0.288,0.352,20,0.4,"GEN,TPL,NEM,LLY,EOG,SCHW,GOOGL,GOOG,ADBE,NVDA,MU,BRO,FSLR,KO,AMGN,ICE,MA,MS,GILD,FISV"
2010-04-01,2_balanced,0.242,0.319,20,0.3,"GEN,EQT,FISV,V,PAYX,PTC,SCHW,ADBE,LLY,TPL,MS,MA,NEM,GILD,MU,GOOGL,GOOG,EOG,CF,MSFT"
2010-05-03,2_balanced,0.35,0.395,20,0.45,"MU,NVDA,FISV,GEN,LLY,ADBE,FICO,V,EBAY,GILD,BMY,AMGN,MA,NEM,PTC,MRK,INCY,GS,MCO,CF"
2010-06-01,2_balanced,0.739,0.667,20,0.6,"FISV,GEN,NVDA,V,MU,BKNG,LLY,ORCL,MA,TPL,EQT,SCHW,AMP,STX,BX,MSCI,ADSK,FSLR,EXPE,ADBE"
2010-07-01,2_balanced,0.815,0.721,20,0.55,"ADBE,EQT,SCHW,RJF,FISV,INCY,PAYX,TPL,EBAY,TPR,RCL,AMP,ADSK,GEN,LVS,MS,GOOG,GOOGL,MAR,NVDA"
2010-08-02,2_balanced,0.515,0.51,20,0.75,"NEM,GEN,MU,TPL,NVDA,V,MA,IDXX,ICE,EOG,FSLR,FICO,FISV,IBKR,WDC,UHS,PAYX,GILD,STX,NFLX"
2010-09-01,2_balanced,0.691,0.634,20,0.7,"LLY,MU,EQT,SCHW,EOG,MA,V,LULU,BRO,GS,MSFT,AXP,MS,LRCX,NDAQ,ORCL,GOOGL,GOOG,FISV,GILD"
2010-10-01,2_balanced,0.471,0.48,20,0.6,"ADBE,FISV,MS,GEN,FIS,BRO,SPG,MU,ICE,NEM,GS,SCHW,EOG,CME,CRM,MSFT,MO,MCD,MRK,VRTX"
2010-11-01,2_balanced,0.375,0.412,20,0.65,"TPL,LLY,FISV,NEM,FICO,MU,EOG,EQT,BMY,PODD,MS,MCO,MRK,INCY,ADBE,GPN,PPL,BLK,FE,EXPE"
2010-12-01,2_balanced,0.428,0.45,20,0.55,"MU,TPL,LLY,GEN,V,ADBE,FSLR,BX,BMY,NEM,MO,FICO,FISV,MCO,MA,SPGI,AFL,ORCL,GS,MSCI"
2011-01-03,2_balanced,0.25,0.325,20,0.45,"EXPE,TPL,FISV,GEN,MA,MU,EBAY,FICO,V,NEM,MCO,TPR,LVS,LLY,BKNG,GILD,PTC,ADSK,FSLR,WDC"
2011-02-01,2_balanced,0.167,0.267,20,0.45,"TPL,NEM,GEN,INCY,LVS,MO,IBKR,PTC,V,ADBE,EXPE,STX,TPR,WDC,MSCI,BKNG,BSX,MRK,MA,FFIV"
2011-03-01,2_balanced,0.318,0.372,20,0.45,"GEN,WDC,RCL,LVS,LLY,MU,MA,INCY,STX,NVDA,MSFT,NTAP,EXPE,IBKR,TPR,NEM,CCL,MSCI,GS,AMGN"
2011-04-01,2_balanced,0.251,0.326,20,0.6,"ADBE,TPR,RCL,NVDA,GEN,SCHW,MS,PAYX,ICE,LLY,MSFT,FISV,PTC,GS,LVS,FTNT,AMP,MAR,AVGO,EBAY"
2011-05-02,2_balanced,0.303,0.362,20,0.6,"FISV,ADBE,TPL,MU,NEM,FICO,TER,MS,SCHW,EOG,GS,AMP,NDAQ,FSLR,BRO,ICE,PTC,RJF,DECK,GOOG"
2011-06-01,2_balanced,0.396,0.427,20,0.45,"MU,SCHW,FICO,INCY,AMP,ADSK,NDAQ,MS,ORCL,GS,ADBE,PAYX,EBAY,BX,TER,RF,AFL,CME,TPL,FISV"
2011-07-01,2_balanced,0.29,0.353,20,0.6,"TPL,MU,NVDA,FISV,EOG,ADBE,LLY,NEM,ADSK,MO,FIS,EQT,AMGN,MCO,SCHW,GS,MS,RJF,FDS,BKNG"
2011-08-01,2_balanced,0.6,0.57,20,0.7,"ADBE,FISV,PTC,INCY,PAYX,TPL,BRO,FTNT,ADSK,INTU,STX,GEN,MO,JNJ,MU,ORCL,MAR,AVGO,MRK,PEP"
2011-09-01,2_balanced,0.743,0.67,20,0.65,"FISV,MU,GEN,TPL,WDC,PTC,STX,NVDA,FICO,ADSK,SCHW,MS,GS,IBKR,FSLR,EOG,AMP,MCO,NTAP,MA"
2011-10-03,2_balanced,0.894,0.776,20,0.45,"MU,TPL,LVS,NVDA,EXPE,FISV,ADBE,CF,BKNG,SPG,INCY,EOG,EQT,FSLR,PTC,GEN,BRO,FICO,IBKR,AMP"
2011-11-01,2_balanced,0.739,0.667,20,0.6,"GEN,TPL,NVDA,MU,LLY,FISV,MSFT,SCHW,EXPE,AVGO,MO,NEM,INCY,V,EBAY,BMY,ICE,FSLR,AMGN,RMD"
2011-12-01,2_balanced,0.708,0.645,20,0.5,"TPL,GEN,FISV,AVGO,ADBE,NEM,MSFT,LULU,BKNG,EBAY,CME,LVS,MS,EQT,GS,SCHW,LLY,CF,PTC,MU"
2012-01-03,2_balanced,0.585,0.559,20,0.5,"NEM,GEN,TPL,FISV,EQT,NVDA,PTC,ADSK,LVS,ORCL,EXPE,MA,DECK,FICO,SCHW,ADBE,ICE,AVGO,RL,CPAY"
2012-02-01,2_balanced,0.43,0.451,20,0.55,"NEM,LLY,BMY,TPL,NVDA,EQT,MU,SCHW,MO,MA,NDAQ,V,PFE,FICO,KO,ICE,IBKR,GOOGL,GOOG,ADBE"
2012-03-01,2_balanced,0.343,0.39,20,0.75,"NVDA,RCL,MS,ADSK,NEM,GEN,TPL,FSLR,BX,AFL,MU,KLAC,BRO,FISV,PAYX,GILD,TXN,LLY,LRCX,FDS"
2012-04-02,2_balanced,0.329,0.38,20,0.5,"MU,NEM,EOG,APA,EQT,BRO,RCL,TPL,ADBE,MS,PAYX,FSLR,AMP,SCHW,NVDA,DECK,PTC,GPN,FISV,ORCL"
2012-05-01,2_balanced,0.34,0.388,20,0.5,"MU,GEN,NEM,NVDA,LVS,AVGO,IBKR,FISV,ADBE,FSLR,AMP,PAYX,BX,NFLX,FICO,GOOG,BKNG,GOOGL,SCHW,DECK"
2012-06-01,2_balanced,0.654,0.608,20,0.55,"GEN,CPAY,LVS,WDC,MU,AMP,MS,GS,ADBE,BKNG,STX,RMD,MSFT,TPL,FISV,NXPI,JPM,FSLR,SCHW,SPGI"
2012-07-02,2_balanced,0.373,0.411,20,0.45,"CPAY,PTC,LVS,TPL,GEN,LULU,NEM,ADBE,TPR,FISV,ADSK,RMD,CME,EOG,FDS,SCHW,GS,MU,WDC,EBAY"
2012-08-01,2_balanced,0.424,0.446,20,0.5,"FISV,TPL,NEM,ICE,LVS,SCHW,BRO,BKNG,MU,MA,CME,ADBE,FIS,FICO,CPAY,ISRG,TPR,IBKR,TDG,MNST"
2012-09-04,2_balanced,0.376,0.413,20,0.7,"MU,TPL,NVDA,EQT,ADBE,FISV,KO,ADSK,MA,MO,EXPE,MRK,LRCX,FICO,APA,FDS,ROP,PCG,BX,FSLR"
2012-10-01,2_balanced,0.321,0.375,20,0.6,"TPL,MU,GEN,PAYX,SCHW,SPG,TPR,MSFT,FICO,NVDA,FTNT,ICE,TER,DECK,MO,IT,FISV,KLAC,ADBE,LRCX"
2012-11-01,2_balanced,0.362,0.403,20,0.65,"NEM,TPL,NVDA,VRTX,MU,LLY,MO,GOOG,GOOGL,PTC,FISV,FTNT,GEN,BKNG,DXCM,BRO,TMUS,EQT,VRSN,KO"
2012-12-03,2_balanced,0.417,0.442,20,0.65,"STX,MS,NEM,NVDA,WDC,NFLX,NXPI,MU,PTC,SCHW,GEN,FICO,MSFT,EQT,TPL,BX,APA,TER,KLAC,NDAQ"
2013-01-02,2_balanced,0.274,0.342,20,0.75,"TPL,MU,GEN,FISV,TMUS,PAYX,LLY,TPR,AVGO,ICE,INCY,NEM,RL,IBKR,EQT,CME,AMGN,MRK,CF,MO"
2013-02-01,2_balanced,0.154,0.258,20,0.6,"FISV,TPL,NEM,ADBE,TPR,LULU,MA,NVDA,V,FSLR,LLY,RL,MU,INCY,PTC,TDG,IDXX,LVS,EOG,AON"
2013-03-01,2_balanced,0.257,0.33,20,0.65,"NEM,ADSK,FISV,LVS,MA,FICO,SCHW,BKNG,EOG,RJF,MO,RCL,AVGO,EXPE,PTC,CF,V,MS,IBKR,APA"
2013-04-01,2_balanced,0.238,0.317,20,0.6,"GEN,LRCX,NVDA,BKNG,FICO,TER,MU,FISV,INTU,ORCL,NXPI,PTC,SCHW,FSLR,KLAC,MS,INCY,EXPE,GS,CF"
2013-05-01,2_balanced,0.324,0.377,20,0.5,"MU,NEM,BKNG,FISV,SCHW,EXPE,CPAY,PTC,GEN,INCY,TPL,AVGO,NXPI,ADSK,EBAY,FTNT,LLY,EOG,GS,RJF"
2013-06-03,2_balanced,0.335,0.384,20,0.65,"GEN,FISV,META,SPG,ADBE,LLY,ADSK,VRSN,INCY,LVS,EIX,NVDA,RMD,EBAY,RCL,MAR,AMGN,IDXX,EXPE,O"
2013-07-01,2_balanced,0.47,0.479,20,0.65,"TPL,NEM,LVS,CPAY,LLY,FICO,GS,GEN,MS,NVDA,ADSK,ORCL,FSLR,FTNT,EQT,BMY,CF,LRCX,SPG,FISV"
2013-08-01,2_balanced,0.299,0.359,20,0.7,"ADBE,MSFT,TPR,TPL,V,NVDA,SPG,MO,BMY,EXPE,MU,ADSK,NEM,CME,TER,EBAY,IBKR,AVGO,BKNG,BRO"
2013-09-03,2_balanced,0.538,0.527,20,0.75,"FISV,FSLR,PAYX,MNST,FICO,SPG,LLY,ADBE,KO,BRO,STX,MRK,FIS,EIX,MO,CSCO,MCO,AFL,YUM,TPL"
2013-10-01,2_balanced,0.253,0.327,20,0.6,"TPL,GEN,NEM,SCHW,LLY,MS,GS,NVDA,MNST,FISV,NXPI,RJF,WDC,SPG,PAYX,TPR,CSCO,VRTX,APA,FSLR"
2013-11-01,2_balanced,0.215,0.3,20,0.65,"GEN,PTC,FTNT,EQT,NEM,FISV,NVDA,MU,TPL,TPR,NTAP,EBAY,META,FICO,BRO,MRK,CME,EOG,FDS,CSCO"
2013-12-02,2_balanced,0.16,0.262,20,0.55,"GEN,NEM,EOG,IDXX,FTNT,META,CRM,LLY,FISV,SPG,EBAY,MO,EIX,NVDA,EQT,RMD,ADBE,AMGN,PM,TMUS"
2014-01-02,2_balanced,0.21,0.297,20,0.55,"MU,NEM,CPAY,BKNG,LLY,GEN,SPG,RMD,ABBV,TPL,FISV,APA,GRMN,EQT,NVDA,MSCI,MS,NTAP,TPR,AMGN"
2014-02-03,2_balanced,0.685,0.629,20,0.7,"FICO,FISV,GEN,TPR,MO,BMY,CPAY,IBKR,ZTS,AMP,NEM,PAYX,EXPE,MA,MU,LVS,ICE,FCX,GS,RL"
2014-03-03,2_balanced,0.481,0.486,20,0.5,"MU,V,GEN,MA,DECK,ICE,ADSK,IBKR,AMP,INCY,CME,MS,PAYX,ZTS,MCO,NEM,ABBV,META,APA,FISV"
2014-04-01,2_balanced,0.272,0.34,20,0.5,"FISV,TPL,PTC,GEN,V,NEM,NDAQ,ICE,MA,MU,ADBE,GOOG,GOOGL,BMY,GILD,META,INCY,BKNG,ADSK,CPAY"
2014-05-01,2_balanced,0.333,0.383,20,0.55,"GEN,DXCM,TPR,BKNG,LLY,WDC,ADBE,NVDA,NEM,EBAY,INCY,CPAY,RJF,ADSK,STX,PTC,FTNT,TER,META,MSCI"
2014-06-02,2_balanced,0.332,0.383,20,0.65,"FISV,NEM,INCY,SCHW,EQT,LLY,EBAY,TPR,BMY,LVS,V,GEN,PAYX,RJF,MU,TPL,IDXX,RMD,EW,IBM"
2014-07-01,2_balanced,0.211,0.298,20,0.7,"TPL,NVDA,FISV,TPR,MA,RMD,NEM,CPAY,ORCL,V,BKNG,REGN,ICE,UAL,SPG,RCL,VRSN,MS,META,LULU"
2014-08-01,2_balanced,0.728,0.659,20,0.85,"NVDA,FICO,NEM,MO,ADBE,MU,LLY,YUM,KO,EQT,AXP,FISV,CL,MCD,JNJ,LVS,FSLR,PTC,AFL,EOG"
2014-09-02,2_balanced,0.433,0.453,20,0.65,"GEN,NEM,MU,LVS,MA,FICO,EOG,PAYX,ICE,FSLR,ADSK,DECK,BKNG,APA,V,CL,TPR,CSCO,T,ABBV"
2014-10-01,2_balanced,0.787,0.701,20,0.65,"GEN,NEM,PTC,FICO,FISV,RMD,NVDA,ADBE,EQT,APA,TPL,SPG,MA,NFLX,CPAY,CMCSA,TPR,V,VRSK,AMP"
2014-11-03,2_balanced,0.566,0.546,20,0.7,"TPL,META,NFLX,NEM,ADBE,LVS,LLY,TPR,BX,BRO,GOOGL,GOOG,MS,DECK,VEEV,ADSK,EBAY,CF,GEN,EOG"
2014-12-01,2_balanced,0.523,0.516,20,0.65,"TPL,SCHW,META,CPAY,MS,GILD,EQT,CRM,NEM,NOW,GS,EOG,RJF,WDAY,BRO,PAYX,ADBE,FSLR,EXPE,CME"
2015-01-02,2_balanced,0.641,0.599,20,0.7,"TPL,FISV,GEN,NVDA,NEM,ICE,GILD,PAYX,LLY,PTC,MSFT,MA,EQT,EXPE,INCY,DECK,MU,VEEV,AMGN,MO"
2015-02-02,2_balanced,0.775,0.692,20,0.45,"MU,TPL,ABBV,PTC,MS,GEN,ADSK,SCHW,NVDA,MSFT,FISV,RCL,GS,ICE,V,BKNG,CPAY,DECK,MA,PAYX"
2015-03-02,2_balanced,0.448,0.464,20,0.6,"GEN,FISV,EOG,TPL,SPG,MU,LLY,LVS,EQT,PTC,CPAY,AMP,BRO,MCO,MS,SCHW,PCG,AXP,IBKR,MRK"
2015-04-01,2_balanced,0.734,0.663,20,0.7,"GEN,MU,TPL,NVDA,ADBE,V,MA,ADSK,BKNG,MSFT,WDC,MO,SCHW,FISV,BMY,NEM,STX,AMP,LRCX,NTAP"
2015-05-01,2_balanced,0.464,0.475,20,0.65,"TPR,LVS,FISV,RCL,FICO,GEN,ADSK,SPG,ZTS,ADBE,META,RMD,BRO,V,LLY,APH,ICE,FIS,MO,NVDA"
2015-06-01,2_balanced,0.494,0.496,20,0.55,"TPL,GEN,TPR,LVS,RMD,FSLR,FISV,EOG,BKNG,EQT,ADSK,SPG,CPAY,MO,AMP,LULU,DECK,FIS,MA,APA"
2015-07-01,2_balanced,0.611,0.577,20,0.55,"TPL,MU,EQT,NEM,FSLR,GEN,NVDA,ADSK,CPAY,EOG,ICE,RMD,NXPI,WDC,AVGO,ORCL,MSFT,PTC,GOOG,BKNG"
2015-08-03,2_balanced,0.48,0.486,20,0.45,"TPL,GEN,NEM,PTC,FISV,CPAY,EQT,LLY,FICO,TPR,LVS,ADBE,EOG,GS,MU,DECK,INCY,FSLR,NVDA,AVGO"
2015-09-01,2_balanced,0.83,0.731,20,0.55,"PTC,LVS,SCHW,CPAY,ABBV,ADSK,TPL,MS,PODD,FISV,INTU,MCO,PAYX,GS,MU,GILD,GEN,AMP,FTNT,ADBE"
2015-10-01,2_balanced,0.795,0.707,20,0.4,"MU,GEN,CPAY,LVS,ABBV,EQT,ANET,GILD,ADSK,MS,SCHW,CF,VEEV,FISV,LRCX,AMGN,EBAY,PTC,STX,GS"
2015-11-02,2_balanced,0.388,0.422,20,0.65,"GEN,MU,CPAY,IDXX,EQT,ANET,FTNT,LLY,V,AVGO,WDC,TPL,NEM,FISV,NXPI,STX,AXP,TMUS,EIX,RL"
2015-12-01,2_balanced,0.379,0.415,20,0.65,"GEN,LVS,EQT,BKNG,MA,CPAY,FISV,SPG,AMP,ABBV,TPL,META,MU,NTAP,NEM,FIS,EXPE,RCL,EOG,ORCL"
2016-01-04,2_balanced,0.627,0.589,20,0.45,"FISV,TPL,BKNG,CPAY,EBAY,EOG,MU,ADSK,RMD,NEM,NTAP,ORCL,AMP,NVDA,META,FTNT,FDS,V,MS,INCY"
2016-02-01,2_balanced,0.764,0.685,20,0.55,"MU,GEN,TPL,ADSK,CPAY,SCHW,INCY,LLY,PTC,NVDA,IBKR,AMP,BKNG,MS,GILD,EXPE,RJF,ZTS,ADBE,MA"
2016-03-01,2_balanced,0.694,0.636,20,0.55,"TPL,NEM,GEN,MU,LLY,FISV,EOG,EQT,ICE,INCY,GS,AMP,RMD,SCHW,APA,BMY,FSLR,ZTS,INTU,GILD"
2016-04-01,2_balanced,0.437,0.456,20,0.5,"MU,NEM,TPL,GEN,LVS,LLY,ADSK,EOG,ABBV,FSLR,VEEV,ANET,EXPE,EBAY,APA,BMY,BKNG,PTC,SCHW,CF"
2016-05-02,2_balanced,0.432,0.453,20,0.8,"GEN,FSLR,FISV,AVGO,LVS,MU,TER,MRVL,NVDA,MSFT,GILD,GOOG,NXPI,GOOGL,GDDY,STX,PODD,INCY,ADBE,NTAP"
2016-06-01,2_balanced,0.364,0.405,20,0.8,"SPG,FISV,LVS,DECK,LLY,NEM,CPAY,META,GEN,MA,EXPE,TPR,ABBV,MO,BKNG,MAR,KO,FSLR,VZ,HLT"
2016-07-01,2_balanced,0.529,0.52,20,0.7,"CPAY,LVS,MA,V,SCHW,META,AMP,FISV,ADBE,FTNT,BKNG,NXPI,MU,TPL,CF,IBKR,BX,ICE,ANET,ADSK"
2016-08-01,2_balanced,0.376,0.413,20,0.65,"TPL,GEN,EQT,MU,FISV,EOG,APA,PAYX,BKNG,CPAY,IBKR,CDNS,GILD,HLT,INCY,NEM,ADBE,BRO,AFL,INTU"
2016-09-01,2_balanced,0.336,0.385,20,0.65,"NEM,LLY,FISV,ABBV,ZTS,MNST,INCY,BMY,GOOG,EOG,NOW,IT,TPL,ADBE,GOOGL,GILD,CRM,RL,AXP,TPR"
2016-10-03,2_balanced,0.448,0.464,20,0.8,"FISV,NEM,ICE,FICO,SPG,PAYX,GS,FDS,GEN,ABBV,MO,ORCL,VRTX,AMGN,BX,MSCI,MU,AXP,CME,DXCM"
2016-11-01,2_balanced,0.568,0.548,20,0.55,"LLY,FISV,EQT,EBAY,AMP,RMD,PAYX,AMGN,FICO,MCO,IBKR,SPG,GEN,TPL,CME,ABBV,ZTS,MU,EOG,NDAQ"
2016-12-01,2_balanced,0.369,0.408,20,0.65,"GEN,ADBE,LLY,NEM,CPAY,BKNG,META,V,EBAY,MA,FISV,ADSK,GILD,PTC,FTNT,MU,PODD,AVGO,FICO,ZTS"
2017-01-03,2_balanced,0.294,0.356,20,0.6,"CPAY,GEN,EXPE,LVS,TPL,EQT,BKNG,META,RL,AMP,IBKR,MCO,ICE,ADBE,TPR,PTC,FICO,ORCL,ADSK,MSCI"
2017-02-01,2_balanced,0.258,0.33,20,0.7,"FISV,LVS,CPAY,TPL,APA,MA,EQT,EOG,IBKR,BRO,PAYX,GILD,BMY,AMP,TROW,ABBV,GS,ANET,NXPI,TDG"
2017-03-01,2_balanced,0.225,0.308,20,0.6,"TPL,NEM,MU,NVDA,EXPE,EQT,GEN,ZTS,GDDY,APA,CF,GILD,IBKR,ICE,EOG,PTC,LVS,WDC,FISV,SPG"
2017-04-03,2_balanced,0.332,0.382,20,0.7,"FISV,PAYX,BRO,MO,CPAY,PTC,SCHW,GS,GEN,MS,INTU,BMY,CME,IBKR,FSLR,INCY,TPL,CF,FICO,AMGN"
2017-05-01,2_balanced,0.258,0.33,20,0.6,"NEM,MU,EQT,INCY,LLY,CF,EOG,SCHW,TPR,GS,STX,FISV,CPAY,CME,EBAY,AMP,MO,SPG,FAST,ICE"
2017-06-01,2_balanced,0.297,0.358,20,0.45,"GEN,LLY,TPL,FICO,EOG,NEM,AMGN,SPG,MU,META,EQT,AMP,FTNT,GILD,CPAY,SCHW,GS,EBAY,FSLR,ADBE"
2017-07-03,2_balanced,0.382,0.418,20,0.6,"GEN,FISV,NEM,PTC,MU,TER,META,ADSK,FTNT,NVDA,AVGO,PAYX,V,LVS,KLAC,ADBE,CPAY,TPL,GOOG,GOOGL"
2017-08-01,2_balanced,0.263,0.334,20,0.5,"MU,LVS,FTNT,LLY,MO,PTC,IDXX,BMY,ABBV,KLAC,ANET,ADBE,NVDA,STX,FISV,GOOGL,EQT,PAYX,INCY,CL"
2017-09-01,2_balanced,0.401,0.431,20,0.75,"FISV,TPR,EQT,SCHW,LLY,EOG,BKNG,MO,VEEV,TPL,ICE,AMP,APA,NTAP,EXPE,GEN,DECK,CF,SPG,STX"
2017-10-02,2_balanced,0.288,0.352,20,0.8,"ADBE,ZTS,NEM,ADSK,GEN,TPL,META,PTC,ORCL,AVGO,FISV,INCY,V,MA,EW,GDDY,FICO,FTNT,BKNG,YUM"
2017-11-01,2_balanced,0.357,0.4,20,0.7,"NEM,FISV,TPL,LLY,CPAY,GILD,EQT,ICE,NDAQ,AMGN,EXPE,SCHW,SPG,MSCI,FICO,MRK,EBAY,INCY,GEN,LULU"
2017-12-01,2_balanced,0.426,0.448,20,0.55,"EQT,TPL,MU,FISV,GEN,META,ADBE,NVDA,EOG,ADSK,V,INCY,PTC,MA,VST,CPAY,NEM,SPG,EBAY,FCX"
2018-01-02,2_balanced,0.357,0.4,20,0.65,"FISV,GEN,LLY,PTC,MU,PAYX,FICO,MCO,ADSK,ORCL,BRO,RCL,CDNS,META,LVS,BMY,APH,NDAQ,NTAP,NEM"
2018-02-01,2_balanced,0.583,0.558,20,0.65,"MU,GEN,LLY,EQT,AVGO,TPL,SPG,FISV,INCY,PAYX,LRCX,MO,CDNS,UNP,AMP,AAPL,BMY,EIX,CF,FSLR"
2018-03-01,2_balanced,0.593,0.565,20,0.6,"LVS,EOG,CPAY,MO,GEN,TPL,EXPE,AMP,PAYX,APA,INCY,LLY,META,SCHW,GILD,NVDA,MNST,MRK,IT,FISV"
2018-04-02,2_balanced,0.729,0.66,20,0.55,"GEN,FISV,META,SCHW,PAYX,AMP,ABBV,ORCL,EQT,GOOG,ADSK,INCY,AMGN,LVS,GOOGL,EBAY,CPAY,NXPI,RCL,DECK"
2018-05-01,2_balanced,0.555,0.539,20,0.75,"TPR,MU,FISV,MO,NEM,BMY,GS,INCY,EBAY,NXPI,WDC,AVGO,AMP,ADBE,T,CME,TER,GILD,FCX,LLY"
2018-06-01,2_balanced,0.473,0.481,20,0.75,"GEN,NEM,TPR,CPAY,GS,FISV,MS,SCHW,FSLR,EBAY,NVDA,ABBV,IBKR,ADSK,PTC,V,APA,EQT,TPL,AON"
2018-07-02,2_balanced,0.485,0.49,20,0.45,"MU,SCHW,LVS,FISV,NVDA,EBAY,NEM,IBKR,GEN,ABBV,MS,RJF,TPL,BKNG,WDC,AVGO,ADBE,AFL,MAR,GS"
2018-08-01,2_balanced,0.284,0.349,20,0.4,"MU,FISV,GEN,EQT,META,ADSK,NEM,AVGO,LVS,BKNG,TPL,PTC,INCY,EBAY,ADBE,LITE,WDC,MA,IBKR,NXPI"
2018-09-04,2_balanced,0.293,0.355,20,0.55,"NEM,META,LVS,EOG,FISV,EXPE,MU,CPAY,EQT,APA,TPL,GEN,KO,WDC,ABBV,TDG,GILD,FSLR,ZTS,SCHW"
2018-10-01,2_balanced,0.226,0.308,20,0.55,"BRO,META,FICO,MU,FISV,EQT,LVS,SPG,MPWR,SCHW,CDNS,GEN,PAYX,ICE,NXPI,NDAQ,EBAY,NEM,IBKR,ABBV"
2018-11-01,2_balanced,0.619,0.584,20,0.5,"TPL,FISV,MU,GEN,EQT,BMY,NVDA,PAYX,FICO,AMP,NEM,GILD,EOG,PTC,ABBV,CPAY,RCL,SCHW,META,APA"
2018-12-03,2_balanced,0.506,0.504,20,0.45,"TPL,FISV,GEN,NVDA,CPAY,MO,TPR,GS,SCHW,CF,META,MU,EQT,BMY,NTAP,EXPE,ZTS,PM,MS,GILD"
2019-01-02,2_balanced,0.805,0.713,20,0.65,"GEN,FISV,NVDA,SPG,MU,ADBE,PM,MO,IT,JNJ,EOG,AON,FDS,VICI,TPL,MNST,PODD,FTNT,AXP,RCL"
2019-02-01,2_balanced,0.566,0.546,20,0.7,"NEM,PTC,NVDA,ABBV,FISV,MU,EQT,ADBE,CF,V,AMGN,IBKR,MSFT,MO,BRO,RMD,EOG,MS,LLY,ZTS"
2019-03-01,2_balanced,0.41,0.437,20,0.65,"NEM,GEN,FISV,BKNG,META,SPG,MU,LVS,KO,VICI,AVGO,TPL,GILD,SCHW,EXPE,ICE,EQT,ABBV,NVDA,EOG"
2019-04-01,2_balanced,0.451,0.466,20,0.55,"META,CME,MU,NEM,SCHW,EXPE,GEN,BMY,FISV,IBKR,TPR,NXPI,MNST,LVS,GS,STX,ADBE,WDC,FSLR,BKNG"
2019-05-01,2_balanced,0.47,0.479,20,0.65,"NEM,MU,FISV,EQT,TPL,GEN,LLY,PTC,NVDA,INCY,ABBV,TPR,AMGN,FICO,EOG,STX,INTU,WDC,SPG,EBAY"
2019-06-03,2_balanced,0.735,0.664,20,0.6,"TPL,META,MU,LVS,NVDA,AVGO,GEN,EQT,FISV,GDDY,BKNG,FTNT,CPAY,MS,ORCL,EOG,ADBE,SCHW,GS,SPG"
2019-07-01,2_balanced,0.482,0.488,20,0.6,"AMP,TPL,PAYX,SCHW,FISV,EQT,RCL,MU,LLY,MO,GDDY,SPG,MA,VST,PTC,FICO,NVDA,ALGN,ABBV,ADSK"
2019-08-01,2_balanced,0.625,0.588,20,0.65,"GEN,TPL,CPAY,PCG,PTC,ADSK,NVDA,ADBE,LVS,ABBV,NEM,DECK,EOG,AMP,ORCL,FTNT,EQT,IT,META,RJF"
2019-09-03,2_balanced,0.76,0.682,20,0.5,"ADBE,EQT,TPL,FISV,TPR,ADSK,EOG,PTC,PAYX,META,MO,GILD,FICO,ORCL,FTNT,RCL,SPG,MAR,CF,CPAY"
2019-10-01,2_balanced,0.653,0.607,20,0.5,"MU,GEN,META,SCHW,EQT,TPL,FICO,FISV,GS,SPG,FSLR,EOG,RCL,GILD,MS,ADBE,AVGO,NEM,EBAY,BKNG"
2019-11-01,2_balanced,0.393,0.425,20,0.55,"FISV,GEN,TPL,CME,ADBE,FICO,EBAY,CPAY,EIX,CF,INTU,ORCL,FSLR,ICE,NEM,MA,ANET,ZTS,WDC,MU"
2019-12-02,2_balanced,0.426,0.448,20,0.7,"WDC,MU,GEN,LVS,EQT,TPL,ORCL,GDDY,FISV,EOG,GS,GOOG,GOOGL,AVGO,SPG,TPR,NVDA,BKNG,APA,KLAC"
2020-01-02,2_balanced,0.29,0.353,20,0.65,"FISV,CPAY,VST,SCHW,GEN,SPG,INCY,PAYX,ORCL,MO,EXPE,GILD,AVGO,ICE,PTC,CME,PODD,UHS,EQT,GOOG"
2020-02-03,2_balanced,0.594,0.566,20,0.8,"NTAP,TPL,ABBV,BKNG,EQT,MU,LVS,EOG,AMGN,RCL,SPG,SCHW,META,MO,APH,ALGN,NVDA,APA,FSLR,CF"
2020-03-02,2_balanced,0.793,0.705,20,0.6,"TPL,TPR,PTC,LVS,AMP,MS,SCHW,LLY,NTAP,FISV,MO,IT,GS,BMY,EOG,RCL,META,ANET,HLT,AFL"
2020-04-01,2_balanced,0.9,0.78,20,0.75,"TPL,FISV,CPAY,SPG,MU,TPR,LVS,TTD,EXPE,RL,MA,MAR,ABBV,PCG,EBAY,TDG,BRO,APA,RCL,PAYX"
2020-05-01,2_balanced,0.761,0.683,20,0.6,"TPL,FISV,MU,PCG,BRO,MO,LVS,IBKR,EIX,AMP,MS,CME,CF,SCHW,MA,SPG,KO,RJF,GS,MRK"
2020-06-01,2_balanced,0.57,0.549,20,0.75,"MU,NEM,GEN,LVS,FISV,LLY,EQT,CPAY,WDC,GILD,BMY,TPR,EOG,SCHW,MSFT,ORCL,NXPI,CME,AMGN,NTAP"
2020-07-01,2_balanced,0.567,0.547,20,0.5,"GEN,FISV,LVS,SCHW,EQT,CPAY,ANET,TPL,TPR,MU,CME,SPG,VST,RJF,STX,MAR,EOG,GDDY,PCG,KO"
2020-08-03,2_balanced,0.447,0.463,20,0.55,"TPL,LLY,LVS,MU,GILD,SCHW,ADBE,BKNG,FISV,ABBV,INCY,ORCL,SPG,VST,AMGN,EBAY,GEN,V,GDDY,GS"
2020-09-01,2_balanced,0.371,0.41,20,0.55,"TPL,MU,FISV,LLY,LVS,AMP,EOG,BMY,EQT,INCY,SCHW,CSCO,GILD,FFIV,TPR,GS,MO,NEM,CPAY,DECK"
2020-10-01,2_balanced,0.48,0.486,20,0.65,"APA,TPL,RCL,CCL,LVS,SPG,EXPE,EQT,GEN,MAR,NCLH,MS,TPR,BKNG,NEM,CPAY,TDG,TRGP,EOG,ABBV"
2020-11-02,2_balanced,0.55,0.535,20,0.75,"RCL,FISV,ADBE,MA,FICO,LLY,NVDA,V,BKNG,MO,GS,AVGO,BRO,IBKR,GILD,CPAY,NCLH,FTNT,EBAY,TPL"
2020-12-01,2_balanced,0.289,0.352,20,0.55,"NEM,GEN,ADBE,NVDA,MA,CPAY,AMGN,ZTS,RMD,CRM,MSFT,LVS,V,BMY,BKNG,LLY,BRO,FISV,ISRG,META"
2021-01-04,2_balanced,0.289,0.352,20,0.7,"FISV,META,EQT,CPAY,RCL,GDDY,MO,SPG,STX,PFE,NVDA,AMP,EOG,MAR,AFL,LVS,GEN,VZ,GOOG,PM"
2021-02-01,2_balanced,0.319,0.374,20,0.75,"FISV,LVS,CPAY,V,MA,BKNG,SCHW,RCL,MAR,NEM,EXPE,MS,ADSK,BRO,HLT,ADBE,ZTS,FICO,KO,PAYX"
2021-03-01,2_balanced,0.251,0.326,20,0.75,"NEM,GEN,FISV,ADBE,GILD,ANET,INCY,ADSK,VST,FICO,EIX,FSLR,MRK,PTC,TPL,NVDA,META,MU,PCG,AMGN"
2021-04-01,2_balanced,0.201,0.291,20,0.75,"FISV,LLY,CPAY,GEN,LVS,V,MA,MU,MS,TPL,TTD,EQT,TPR,APA,IBKR,VST,SCHW,GS,ABBV,CF"
2021-05-03,2_balanced,0.184,0.279,20,0.55,"FISV,MU,PTC,GEN,TPL,FICO,AVGO,LLY,LVS,ADBE,MO,IBKR,MA,EBAY,ADSK,CPAY,NVDA,ICE,FFIV,KLAC"
2021-06-01,2_balanced,0.214,0.3,20,0.5,"TPL,FISV,CPAY,AMGN,MO,ICE,MA,GILD,MU,ABBV,IBKR,JNJ,TPR,LLY,MRK,RL,ORCL,BRO,EBAY,MSCI"
2021-07-01,2_balanced,0.261,0.333,20,0.7,"NEM,GEN,FISV,CPAY,MU,LVS,BKNG,INCY,STX,MO,AMP,EQT,VICI,TPL,WDC,LLY,WTW,RCL,EXPE,AON"
2021-08-02,2_balanced,0.387,0.421,20,0.4,"GEN,EOG,TPL,LVS,SCHW,FISV,NEM,EQT,EXPE,MU,NVDA,RCL,APA,CPAY,BKNG,MA,META,PTC,INCY,TPR"
2021-09-01,2_balanced,0.244,0.321,20,0.6,"TPL,NEM,MU,MA,ADSK,PAYX,V,ANET,GEN,TMUS,FSLR,PTC,TPR,LLY,STX,EOG,FICO,AMGN,BMY,CME"
2021-10-01,2_balanced,0.575,0.552,20,0.6,"GEN,ADBE,NEM,META,LLY,FICO,MU,NVDA,FISV,BMY,TPL,RMD,VST,DECK,IDXX,ZTS,VEEV,LVS,REGN,PTC"
2021-11-01,2_balanced,0.367,0.407,20,0.6,"GEN,FISV,NEM,MU,CPAY,V,MA,META,GILD,MO,EQT,FICO,LVS,EBAY,TPL,TDG,TXN,GRMN,CF,WDC"
2021-12-01,2_balanced,0.668,0.618,20,0.6,"TPL,CPAY,ADSK,BKNG,FISV,LLY,LVS,PLTR,PTC,V,RCL,MAR,EXPE,NEM,VEEV,EBAY,CRM,GEN,HLT,AXP"
2022-01-03,2_balanced,0.282,0.347,20,0.8,"ADBE,TPL,FISV,ORCL,TPR,NVDA,FSLR,BX,MSCI,DXCM,MSFT,INTU,PLTR,ICE,LVS,NFLX,GOOG,GOOGL,NDAQ,DECK"
2022-02-01,2_balanced,0.664,0.615,20,0.7,"GEN,MU,TPL,SPG,NVDA,IBKR,ORCL,GS,TER,FISV,WDC,EIX,EQT,PLTR,GILD,ZTS,FSLR,PAYX,LLY,EBAY"
2022-03-01,2_balanced,0.861,0.753,20,0.7,"FISV,SCHW,LVS,BKNG,MA,IBKR,V,SPG,ADBE,META,AMP,MS,GS,INCY,GILD,CPAY,ADSK,MCD,EBAY,INTU"
2022-04-01,2_balanced,0.598,0.569,20,0.65,"MU,GEN,TPL,FICO,LVS,PTC,SCHW,SPG,ADBE,NEM,NVDA,TPR,TER,STX,MS,NXPI,GS,EOG,FISV,ZTS"
2022-05-02,2_balanced,0.756,0.679,20,0.5,"NEM,FICO,GEN,FISV,APP,SCHW,ABBV,MU,BRO,AMGN,AFL,NVDA,ADBE,INCY,TPL,LLY,ZTS,RMD,NDAQ,PFE"
2022-06-01,2_balanced,0.626,0.588,20,0.65,"GEN,NEM,META,ABBV,EXPE,SPG,RCL,FISV,BMY,EBAY,INCY,NVDA,AVGO,CPAY,ORCL,MU,DVA,ANET,UHS,LVS"
2022-07-01,2_balanced,0.718,0.652,20,0.55,"GEN,MU,CPAY,ADBE,BKNG,FISV,EQT,TPL,NVDA,MO,EOG,AMP,NEM,BX,AVGO,META,MA,APA,EXPE,MAR"
2022-08-01,2_balanced,0.519,0.513,20,0.65,"NEM,APP,LLY,CPAY,FTNT,META,MU,ABBV,ADBE,GEN,GDDY,INCY,BMY,ZTS,CME,MRK,PLTR,GILD,AMGN,EOG"
2022-09-01,2_balanced,0.531,0.521,20,0.6,"ADBE,APP,GEN,NEM,NVDA,ADSK,VEEV,FISV,MA,BKNG,PTC,CPAY,MSFT,SPG,FIS,PLTR,MU,META,INTU,V"
2022-10-03,2_balanced,0.646,0.602,20,0.45,"FISV,ADBE,APP,CPAY,MA,PTC,GEN,V,META,MU,EBAY,ORCL,VST,WDC,TPR,MCO,AVGO,STX,FIS,AMT"
2022-11-01,2_balanced,0.539,0.527,20,0.6,"MU,NEM,APP,META,FISV,BRO,LVS,TPL,RMD,TPR,EQT,MSFT,GOOGL,GOOG,VEEV,INTU,CPAY,EXPE,GEN,ADBE"
2022-12-01,2_balanced,0.423,0.446,20,0.65,"TPL,MU,GEN,APP,LLY,RJF,PTC,SPG,SCHW,BRO,ADSK,AMGN,CF,CPAY,FISV,NTAP,IBKR,BX,PLTR,BMY"
2023-01-03,2_balanced,0.449,0.464,20,0.65,"RCL,MU,GEN,TPL,NVDA,EQT,EXE,CF,HLT,MAR,RJF,NXPI,FISV,ADSK,HOOD,VST,ANET,EXPE,FICO,AMP"
2023-02-01,2_balanced,0.292,0.354,20,0.75,"TPL,NEM,SCHW,LLY,ABBV,EXE,EOG,AMGN,EQT,GILD,MRK,JNJ,BMY,APA,BRO,ALL,PAYX,NDAQ,RJF,MU"
2023-03-01,2_balanced,0.387,0.421,20,0.55,"NEM,GEN,TPL,ADBE,MU,LLY,PTC,MA,BMY,V,ICE,GDDY,GILD,CRDO,GOOG,ISRG,GOOGL,NDAQ,PAYX,SCHW"
2023-04-03,2_balanced,0.331,0.382,20,0.75,"GEN,SPG,TPL,INCY,SCHW,FICO,MS,VST,MO,EXPE,MU,NCLH,RCL,EQT,CF,PAYX,GS,FISV,BX,CPAY"
2023-05-01,2_balanced,0.255,0.329,20,0.75,"TPL,NEM,STX,PATH,MU,TER,ADBE,NXPI,ACMR,WDC,GEN,FSLR,VST,PTC,MSCI,CPAY,TXN,CME,AMGN,CRDO"
2023-06-01,2_balanced,0.21,0.297,20,0.7,"FISV,NEM,TPL,LVS,ZTS,ABBV,BRO,MO,GEN,EIX,AMGN,MA,CPAY,V,KO,BKNG,INCY,CME,BMY,CF"
2023-07-03,2_balanced,0.117,0.232,20,0.7,"MU,TPL,GEN,WDC,LVS,ADSK,NEM,EBAY,ABBV,FSLR,GS,MS,PAYX,EOG,PTC,NDAQ,MSCI,GOOGL,GOOG,BMY"
2023-08-01,2_balanced,0.17,0.269,20,0.7,"FISV,CPAY,NEM,MO,DXCM,MRK,TPL,MA,EW,V,GEN,EXE,EQT,EBAY,BMY,ADSK,SOUN,AON,GILD,TPR"
2023-09-01,2_balanced,0.21,0.297,20,0.7,"FISV,GEN,NEM,JNJ,TPL,KO,GILD,ABBV,PAYX,MKC,TPR,SCHW,LVS,META,RMD,CL,MU,MCD,BKNG,INCY"
2023-10-02,2_balanced,0.405,0.433,20,0.65,"GEN,FISV,SCHW,LLY,CPAY,MA,NEM,LVS,SPG,V,ORCL,BRO,TPR,ADBE,INCY,ZTS,NFLX,BMY,EQT,AMP"
2023-11-01,2_balanced,0.446,0.462,20,0.7,"GEN,CPAY,IBKR,PAYX,APP,MSCI,NXPI,EXPE,TER,LLY,NVDA,BKNG,PLTR,ZTS,TPL,CCL,MA,MS,ADSK,SCHW"
2023-12-01,2_balanced,0.203,0.292,20,0.65,"TPL,CF,APP,LLY,LVS,EOG,EQT,NVDA,MU,APA,ADBE,EXE,META,IBKR,CHTR,INCY,BMY,BKNG,CPAY,AVGO"
2024-01-02,2_balanced,0.199,0.289,20,0.65,"TPL,FISV,ADBE,PAYX,LLY,APP,NEM,GEN,BRO,FICO,MU,PTC,NVDA,V,EOG,GDDY,ORCL,MSFT,CME,MA"
2024-02-01,2_balanced,0.189,0.282,20,0.75,"TPL,NEM,EQT,GILD,INCY,APP,MU,BMY,SCHW,FSLR,AFL,SPG,ZTS,MS,GEN,EBAY,TER,EXE,EIX,MNST"
2024-03-01,2_balanced,0.222,0.305,20,0.75,"ADBE,NEM,EXPE,LVS,BKNG,FICO,RMD,GEN,AMGN,GILD,TPL,MCO,MSFT,FISV,DXCM,PAYX,GOOG,GOOGL,MU,GDDY"
2024-04-01,2_balanced,0.269,0.339,20,0.65,"ADBE,GEN,EXPE,FICO,META,V,INCY,AMT,PLTR,ZTS,IDXX,FTNT,LLY,EQT,PATH,LVS,CRDO,GILD,FISV,NVDA"
2024-05-01,2_balanced,0.547,0.533,20,0.6,"GEN,MA,LVS,FISV,MU,CRDO,META,TPL,ADSK,PATH,ALGN,BKNG,ADBE,PTC,CPAY,TPR,APP,BMY,PODD,FICO"
2024-06-03,2_balanced,0.32,0.374,20,0.4,"CPAY,FISV,ADBE,TPL,MA,LVS,V,PTC,APP,EOG,VEEV,BMY,ALGN,MAR,SCHW,ADSK,PATH,INTU,FDS,RJF"
2024-07-01,2_balanced,0.24,0.318,20,0.75,"FISV,EXE,V,EQT,MA,LVS,PAYX,MU,DECK,RMD,BRO,FSLR,ADP,CF,TPR,GEN,CME,NVDA,APP,YUM"
2024-08-01,2_balanced,0.623,0.586,20,0.65,"MU,LLY,EQT,SCHW,LVS,EXE,APP,NVDA,TER,TPR,WDC,META,EOG,GOOGL,MSFT,GOOG,NXPI,TTD,BKNG,AVGO"
2024-09-03,2_balanced,0.524,0.517,20,0.45,"MU,TPL,GOOG,GOOGL,EOG,FSLR,NVDA,GEN,VST,LVS,FICO,EQT,EXE,CHTR,TER,PTC,META,APA,GS,MSFT"
2024-10-01,2_balanced,0.473,0.481,20,0.75,"ADBE,LLY,AMGN,V,MO,GEN,MCO,MU,SCHW,INTU,RMD,NEM,VICI,ZTS,CPAY,NVDA,TER,REGN,TPL,ABBV"
2024-11-01,2_balanced,0.532,0.523,20,0.65,"LLY,NEM,MU,ADBE,EBAY,META,GEN,EOG,STX,MSCI,AVGO,ICE,FTNT,AFL,NTAP,TER,VRSN,MCO,KO,KLAC"
2024-12-02,2_balanced,0.329,0.38,20,0.65,"NEM,MU,AVGO,ABBV,LLY,ADSK,ADBE,PAYX,NVDA,INCY,EOG,INTU,VEEV,TPL,ORCL,AMGN,IT,GILD,FISV,META"
2025-01-02,2_balanced,0.619,0.583,20,0.65,"GEN,ADBE,TPL,LVS,CPAY,NEM,FICO,VEEV,SCHW,ICE,PTC,ZTS,MU,FISV,AMGN,ALLE,STX,VICI,PATH,IDXX"
2025-02-03,2_balanced,0.624,0.587,20,0.75,"LVS,MU,NVDA,GEN,FICO,TPL,EXPE,BKNG,LLY,EOG,DECK,TER,AVGO,FSLR,EW,MSFT,WDC,EXE,SPG,INTU"
2025-03-03,2_balanced,0.729,0.66,20,0.7,"VST,MU,AVGO,SCHW,ANET,ADSK,PTC,RJF,META,NVDA,TPL,GEN,GOOGL,GOOG,CRDO,CPAY,GDDY,ORCL,DECK,FISV"
2025-04-01,2_balanced,0.73,0.661,20,0.4,"ADBE,CRDO,AVGO,GEN,LVS,INCY,ALAB,MU,TPL,NVDA,LLY,FISV,META,LULU,DXCM,PTC,FSLR,GOOG,GOOGL,RJF"
2025-05-01,2_balanced,0.652,0.606,20,0.65,"FISV,GEN,MU,TPL,BMY,META,APP,CPAY,BRO,NVDA,EOG,EXPE,EQT,ADBE,KLAC,TER,AMP,GRMN,EXE,GILD"
2025-06-02,2_balanced,0.418,0.443,20,0.7,"FISV,TPL,GEN,LLY,CPAY,FICO,NEM,ABBV,EOG,SPG,DECK,AMT,VICI,TPR,GDDY,AFL,NXPI,EQT,GPN,MKC"
2025-07-01,2_balanced,0.336,0.385,20,0.65,"TPL,ADBE,CPAY,FISV,LLY,PAYX,GEN,ZTS,MA,V,AMGN,EBAY,EXE,ABBV,EQT,BMY,INCY,BRO,APP,MO"
2025-08-01,2_balanced,0.429,0.45,20,0.55,"FISV,MU,TPL,ADBE,FICO,BRO,GEN,BKNG,GDDY,TXN,AMP,LLY,V,NXPI,CPAY,FDS,ZTS,CHTR,IT,NEM"
2025-09-02,2_balanced,0.38,0.416,20,0.85,"GEN,MU,NVDA,INTU,META,VST,MSFT,SCHW,PLTR,EQT,ORCL,ICE,FISV,CME,AMAT,PAYX,AVGO,EBAY,APP,NDAQ"
2025-10-01,2_balanced,0.34,0.388,20,0.65,"GEN,FISV,META,CPAY,ADBE,AVGO,TPL,PAYX,PTC,BKNG,ADSK,NDAQ,EOG,ICE,DECK,GDDY,DXCM,AMP,RCL,HLT"
2025-11-03,2_balanced,0.438,0.456,20,0.45,"FISV,META,GEN,CPAY,PAYX,PTC,NEM,TPR,EOG,AMP,BX,BRO,ICE,ORCL,MO,RCL,ABBV,ADBE,MA,GRMN"
2025-12-01,2_balanced,0.429,0.45,20,0.65,"TPL,FISV,ORCL,NVDA,MU,ADBE,PTC,GEN,SCHW,VICI,IBKR,ANET,INCY,RJF,GDDY,VST,V,MA,APP,PAYX"
2026-01-02,2_balanced,0.365,0.405,20,0.55,"GEN,FISV,APP,PTC,CPAY,TPL,ADBE,EQT,AVGO,PLTR,LVS,GDDY,FICO,ADSK,PAYX,EXE,NTAP,ORCL,EOG,HOOD"
2026-02-02,2_balanced,0.391,0.423,20,0.4,"APP,FISV,GEN,FICO,ADBE,CPAY,PATH,PAYX,CRDO,PLTR,PTC,V,TPL,LVS,GDDY,BRO,IDXX,LLY,MA,BKNG"
2026-03-02,2_balanced,0.552,0.536,20,0.55,"GEN,LLY,FISV,ADBE,SCHW,CPAY,AMP,INCY,MA,AVGO,PATH,MS,V,SNDK,FSLR,EXPE,MU,GS,NVDA,LVS"
2026-04-01,2_balanced,0.717,0.652,20,0.55,"TPL,GEN,CPAY,FISV,ADBE,MU,APP,PTC,LLY,META,AMGN,MSFT,V,NVDA,FICO,ADSK,AVGO,NEM,ORCL,EQT"
2026-05-01,2_balanced,0.39,0.423,20,0.55,"NEM,CPAY,DECK,AMGN,FISV,ICE,SCHW,GILD,TPR,BRO,LLY,META,EQT,GEN,TPL,MA,MRK,RMD,BKNG,LVS"
2010-02-01,3_aggressive,0.317,0.227,15,1.0,"MU,GEN,LVS,NEM,NVDA,PAYX,GOOGL,GOOG,AIG,FISV,BKNG,TDG,DECK,V,ADSK"
2010-03-01,3_aggressive,0.288,0.215,15,0.533,"GEN,NEM,MU,EOG,NVDA,AMP,NTAP,TPL,GOOGL,GOOG,ICE,LLY,LVS,ADBE,INCY"
2010-04-01,3_aggressive,0.242,0.197,15,0.6,"V,PTC,GEN,MU,MA,NEM,FISV,MCO,SPGI,ORCL,LLY,PODD,ADSK,ADBE,NVDA"
2010-05-03,3_aggressive,0.35,0.24,15,0.333,"MU,NVDA,INCY,FISV,LVS,NEM,BKNG,PODD,GEN,V,LLY,PTC,ADBE,AMP,BMY"
2010-06-01,3_aggressive,0.739,0.396,15,0.4,"FISV,MU,ADSK,GEN,NVDA,FICO,AMP,TPL,MO,LVS,ORCL,PTC,TER,LLY,V"
2010-07-01,3_aggressive,0.815,0.426,15,0.667,"LVS,INCY,RJF,FISV,TPR,TPL,MAR,NEM,ADSK,ADBE,EQT,RMD,AMP,PAYX,RCL"
2010-08-02,3_aggressive,0.515,0.306,15,0.733,"NEM,TPL,IDXX,GEN,NFLX,MU,FISV,ICE,TMUS,UHS,FICO,KLIC,RMD,EOG,AAPL"
2010-09-01,3_aggressive,0.691,0.376,15,0.667,"LLY,BRO,FISV,LVS,INCY,LULU,MU,EOG,NEM,AXP,LRCX,MAR,TPL,HBAN,BKNG"
2010-10-01,3_aggressive,0.471,0.288,15,0.6,"FISV,NEM,BRO,FIS,SPG,TPL,LVS,BKNG,CRM,MO,ADBE,GEN,DXCM,NFLX,NTAP"
2010-11-01,3_aggressive,0.375,0.25,15,0.667,"TPL,NEM,FISV,FICO,LLY,INCY,EXPE,BMY,PODD,EW,MCO,AVGO,TMUS,DXCM,LVS"
2010-12-01,3_aggressive,0.428,0.271,15,0.667,"TPL,GEN,FISV,BKNG,BX,MCO,LVS,MA,MO,PTC,SPGI,LLY,AMP,ORCL,EBAY"
2011-01-03,3_aggressive,0.25,0.2,15,0.467,"TPL,FISV,EXPE,LVS,EBAY,TPR,BKNG,GEN,ADSK,PTC,NVDA,FTNT,MCO,NFLX,INCY"
2011-02-01,3_aggressive,0.167,0.167,15,0.467,"TPL,GEN,LVS,BKNG,TPR,RCL,DECK,PTC,NVDA,FISV,AVGO,WDC,MU,NEM,RL"
2011-03-01,3_aggressive,0.318,0.227,15,0.4,"MU,NVDA,GEN,LVS,RCL,TPR,ADSK,TPL,ORCL,EQT,PTC,MA,SCHW,WDC,NTAP"
2011-04-01,3_aggressive,0.251,0.2,15,0.533,"ADBE,NVDA,SCHW,MU,GEN,RCL,FTNT,TPR,AVGO,AMP,PAYX,LVS,FISV,EBAY,ICE"
2011-05-02,3_aggressive,0.303,0.221,15,0.533,"TPL,MU,FISV,ADBE,TER,FICO,DECK,NVDA,NDAQ,RJF,SCHW,EQT,AVGO,AMP,ISRG"
2011-06-01,3_aggressive,0.396,0.258,15,0.333,"MU,FICO,SCHW,ADBE,NVDA,TPL,BX,ORCL,INCY,ADSK,TER,AMP,FISV,LULU,NDAQ"
2011-07-01,3_aggressive,0.29,0.216,15,0.533,"TPL,FISV,EOG,MU,NVDA,MCO,BKNG,EQT,ADBE,GEN,LLY,BX,MO,FICO,FIS"
2011-08-01,3_aggressive,0.6,0.34,15,0.6,"TPL,INCY,FISV,GEN,V,AVGO,MO,FTNT,PTC,MA,ADBE,EA,FICO,JNJ,TMUS"
2011-09-01,3_aggressive,0.743,0.397,15,0.533,"FISV,GEN,MA,TPL,WDC,INCY,NEM,NFLX,MU,V,FICO,STX,IBKR,LLY,BKNG"
2011-10-03,3_aggressive,0.894,0.458,15,0.467,"EXPE,TPL,LVS,EQT,SPG,FISV,NEM,GEN,V,MU,BKNG,NVDA,MA,CF,MSFT"
2011-11-01,3_aggressive,0.739,0.396,15,0.333,"TPL,NEM,GEN,EXPE,LLY,V,FISV,MA,AVGO,BMY,MSFT,MO,ICE,LVS,EQT"
2011-12-01,3_aggressive,0.708,0.383,15,0.333,"NEM,LVS,MSFT,TPL,EQT,GEN,FISV,LULU,LLY,RL,BKNG,EBAY,SPG,ICE,AVGO"
2012-01-03,3_aggressive,0.585,0.334,15,0.533,"NEM,EQT,FICO,MA,FISV,TPL,NVDA,LVS,GEN,CPAY,KLAC,MO,RL,ADBE,EOG"
2012-02-01,3_aggressive,0.43,0.272,15,0.467,"NEM,BMY,MA,FICO,LLY,MU,V,MO,PAYX,ADBE,PFE,NVDA,TPL,FISV,MRK"
2012-03-01,3_aggressive,0.343,0.237,15,0.6,"MU,ADSK,NVDA,PTC,ADBE,FISV,KLAC,AFL,TXN,CPAY,MS,PAYX,BX,TER,TPL"
2012-04-02,3_aggressive,0.329,0.231,15,0.533,"MU,EOG,PTC,ADBE,MS,FISV,AMP,TPL,TPR,FTNT,BRO,RCL,LVS,CPAY,STX"
2012-05-01,3_aggressive,0.34,0.236,15,0.533,"MU,LVS,FICO,BKNG,FISV,CPAY,GEN,TPL,ADBE,WDC,V,AAPL,CHTR,AMP,MA"
2012-06-01,3_aggressive,0.654,0.362,15,0.4,"CPAY,TPL,BKNG,STX,FISV,ADBE,RMD,MSFT,GEN,WDC,NXPI,BRO,AMP,INCY,LVS"
2012-07-02,3_aggressive,0.373,0.249,15,0.467,"TPL,CPAY,FISV,LULU,ADBE,PTC,EBAY,EXPE,BKNG,RMD,LVS,ADSK,AVGO,SCHW,GEN"
2012-08-01,3_aggressive,0.424,0.269,15,0.667,"TPL,FISV,BKNG,ICE,MA,SCHW,FICO,BRO,MNST,LLY,CPAY,INCY,EQT,CME,TDG"
2012-09-04,3_aggressive,0.376,0.251,15,0.6,"TPL,FISV,EXPE,MU,EQT,MO,KO,MRK,NVDA,ADBE,FICO,CF,STX,CPAY,INCY"
2012-10-01,3_aggressive,0.321,0.228,15,0.6,"TPL,PAYX,GEN,CPAY,FISV,SPG,EBAY,MU,MO,LLY,NEM,ORCL,FICO,BRO,IT"
2012-11-01,3_aggressive,0.362,0.245,15,0.533,"NEM,LLY,VRTX,GEN,FISV,EQT,GOOG,GOOGL,TMUS,TPL,DXCM,NVDA,GILD,MO,CPAY"
2012-12-03,3_aggressive,0.417,0.267,15,0.667,"MS,GEN,STX,NXPI,EQT,NFLX,MU,WDC,BX,EOG,FISV,SCHW,FICO,NVDA,NEM"
2013-01-02,3_aggressive,0.274,0.21,15,0.667,"GEN,TMUS,FISV,LLY,MU,TPL,EOG,GILD,AMGN,CPAY,PAYX,FSLR,RCL,EQT,REGN"
2013-02-01,3_aggressive,0.154,0.161,15,0.467,"FISV,ADBE,FSLR,LVS,CPAY,MU,TPL,LLY,V,GEN,MA,NEM,EOG,LULU,RMD"
2013-03-01,3_aggressive,0.257,0.203,15,0.533,"LVS,ADSK,FISV,SCHW,MA,MS,RCL,MU,RJF,EXPE,V,GEN,BKNG,GS,NEM"
2013-04-01,3_aggressive,0.238,0.195,15,0.6,"GEN,MU,SCHW,LRCX,FISV,MS,FSLR,INCY,GS,ADBE,TPL,CPAY,NXPI,AMP,PTC"
2013-05-01,3_aggressive,0.324,0.229,15,0.333,"MU,CPAY,TPL,GEN,BKNG,INCY,FISV,SCHW,ADBE,DECK,ADSK,LVS,MSCI,PTC,MS"
2013-06-03,3_aggressive,0.335,0.234,15,0.4,"GEN,FISV,ADBE,MU,LVS,TPL,CPAY,INCY,NVDA,DECK,ICE,BX,SPG,LLY,VRSN"
2013-07-01,3_aggressive,0.47,0.288,15,0.533,"TPL,CPAY,LVS,GEN,MS,FSLR,EQT,BMY,MU,MSFT,BX,GS,NVDA,AMP,GILD"
2013-08-01,3_aggressive,0.299,0.219,15,0.467,"TPL,MU,ADBE,NVDA,MSFT,BKNG,CPAY,BMY,V,EQT,CME,FSLR,FISV,AXP,BRO"
2013-09-03,3_aggressive,0.538,0.315,15,0.533,"FISV,FSLR,TPL,MU,PAYX,STX,ADBE,MCO,FICO,MNST,SCHW,BKNG,FIS,CPAY,GEN"
2013-10-01,3_aggressive,0.253,0.201,15,0.533,"TPL,SCHW,MS,NVDA,FISV,MU,NXPI,GEN,FSLR,WDC,EQT,VRTX,GS,CPAY,GILD"
2013-11-01,3_aggressive,0.215,0.186,15,0.533,"MU,FISV,PTC,META,TPL,CPAY,EOG,GEN,EQT,AVGO,LVS,NVDA,FICO,CME,BKNG"
2013-12-02,3_aggressive,0.16,0.164,15,0.4,"GEN,META,EOG,FISV,CRM,MU,IDXX,ADBE,NEM,CPAY,LVS,MA,PTC,TMUS,AVGO"
2014-01-02,3_aggressive,0.21,0.184,15,0.6,"MU,CPAY,BKNG,FISV,TPL,DECK,META,MS,ABBV,ADBE,MSCI,GRMN,LVS,AAPL,ADSK"
2014-02-03,3_aggressive,0.685,0.374,15,0.533,"FISV,MU,IBKR,LVS,EXPE,BMY,CPAY,FICO,AMP,TPL,MA,ADBE,ADSK,PTC,STX"
2014-03-03,3_aggressive,0.481,0.292,15,0.4,"MU,INCY,V,ADSK,MA,META,TPL,ADBE,IBKR,AMP,FSLR,DECK,FISV,EXPE,RCL"
2014-04-01,3_aggressive,0.272,0.209,15,0.467,"TPL,MU,PTC,FISV,ADBE,INCY,META,GOOG,GOOGL,BKNG,LVS,ADSK,V,GILD,MNST"
2014-05-01,3_aggressive,0.333,0.233,15,0.4,"LLY,NVDA,PTC,ADBE,INCY,TPL,ADSK,META,MU,FISV,WDC,BKNG,FSLR,DXCM,GEN"
2014-06-02,3_aggressive,0.332,0.233,15,0.533,"FISV,EQT,LLY,TPL,MU,NEM,INCY,IDXX,SCHW,META,LVS,NVDA,EW,EOG,EIX"
2014-07-01,3_aggressive,0.211,0.185,15,0.467,"TPL,NVDA,MU,CPAY,FISV,META,NEM,SPG,LLY,RCL,AVGO,EQT,TDG,ADBE,ORCL"
2014-08-01,3_aggressive,0.728,0.391,15,0.4,"NVDA,NEM,MU,ADBE,MO,TPL,LLY,CPAY,EOG,FICO,FISV,FSLR,AVGO,JNJ,KLAC"
2014-09-02,3_aggressive,0.433,0.273,15,0.533,"GEN,MU,NEM,FICO,EOG,DECK,FSLR,TPL,APA,FISV,CSCO,WDC,SPG,META,ABBV"
2014-10-01,3_aggressive,0.787,0.415,15,0.467,"GEN,FISV,TPL,PTC,CPAY,RMD,NEM,MU,FICO,ADBE,NFLX,SPG,APA,NVDA,AVGO"
2014-11-03,3_aggressive,0.566,0.326,15,0.6,"META,TPL,NFLX,ADBE,GEN,VEEV,LLY,ADSK,MS,GILD,DXCM,MU,GS,EXPE,NEM"
2014-12-01,3_aggressive,0.523,0.309,15,0.4,"META,CPAY,SCHW,GILD,TPL,NOW,MS,FISV,GS,MU,PAYX,CRM,ADBE,GEN,EXPE"
2015-01-02,3_aggressive,0.641,0.357,15,0.667,"FISV,GEN,INCY,ICE,LLY,AMGN,PAYX,NVDA,META,MA,AVGO,V,MO,MSFT,TPL"
2015-02-02,3_aggressive,0.775,0.41,15,0.467,"FISV,ABBV,MU,RCL,AVGO,GEN,V,NVDA,ZTS,MS,NXPI,PAYX,AMGN,FTNT,MA"
2015-03-02,3_aggressive,0.448,0.279,15,0.6,"FISV,GEN,LLY,SPG,IBKR,V,DXCM,CPAY,IDXX,MU,RCL,VEEV,MA,BMY,PCG"
2015-04-01,3_aggressive,0.734,0.393,15,0.533,"NVDA,V,FISV,GEN,INCY,MA,ADBE,AVGO,BMY,MU,TPL,ADSK,FTNT,IDXX,NXPI"
2015-05-01,3_aggressive,0.464,0.286,15,0.6,"FICO,FISV,TPR,V,ZTS,RMD,AVGO,ADBE,NVDA,LULU,GEN,LLY,NEM,CPAY,APH"
2015-06-01,3_aggressive,0.494,0.298,15,0.533,"FISV,TPL,NEM,RMD,LULU,GEN,TPR,FICO,SCHW,MA,SPG,BKNG,MO,HLT,CME"
2015-07-01,3_aggressive,0.611,0.344,15,0.733,"TPL,NEM,EQT,AVGO,FISV,NXPI,FSLR,CPAY,NVDA,PTC,MU,BX,GEN,INCY,ICE"
2015-08-03,3_aggressive,0.48,0.292,15,0.467,"TPL,FISV,PTC,LLY,FICO,INCY,GEN,ADBE,AVGO,CPAY,GS,IBKR,META,SCHW,NEM"
2015-09-01,3_aggressive,0.83,0.432,15,0.533,"PTC,FISV,SCHW,ABBV,FTNT,CPAY,MCO,ADBE,MS,GILD,LVS,LLY,GS,EXPE,MSCI"
2015-10-01,3_aggressive,0.795,0.418,15,0.533,"FISV,ABBV,CPAY,GEN,GILD,EBAY,META,SCHW,BKNG,MU,V,LLY,ADBE,INCY,ANET"
2015-11-02,3_aggressive,0.388,0.255,15,0.533,"FISV,LLY,V,IDXX,GEN,AVGO,ADBE,CPAY,NVDA,NFLX,TMUS,MU,PODD,EXPE,MA"
2015-12-01,3_aggressive,0.379,0.251,15,0.533,"FISV,META,BKNG,MA,EXPE,RCL,SPG,GEN,NVDA,TPL,CPAY,FSLR,LVS,ADBE,ICE"
2016-01-04,3_aggressive,0.627,0.351,15,0.467,"FISV,BKNG,NVDA,TPL,ADSK,META,V,EBAY,EXPE,VRSN,CPAY,NFLX,GPN,PAYX,ADBE"
2016-02-01,3_aggressive,0.764,0.406,15,0.467,"NVDA,TPL,GEN,FISV,ADSK,ADBE,NEM,MU,LLY,CPAY,PAYX,MA,SPG,BKNG,PTC"
2016-03-01,3_aggressive,0.694,0.378,15,0.467,"NEM,TPL,FISV,GEN,FSLR,MSFT,LLY,ICE,ADBE,INTU,META,RMD,MU,FICO,NVDA"
2016-04-01,3_aggressive,0.437,0.275,15,0.467,"NEM,LVS,GEN,ADSK,FSLR,TPL,FISV,TPR,APA,GDDY,MU,FICO,NDAQ,ABBV,META"
2016-05-02,3_aggressive,0.432,0.273,15,0.533,"GEN,AVGO,NVDA,FISV,FSLR,NEM,NXPI,MRVL,GDDY,LVS,ADBE,TPR,PODD,AMAT,TRMB"
2016-06-01,3_aggressive,0.364,0.245,15,0.667,"NEM,FISV,SPG,TPR,META,LVS,GEN,DECK,EQT,MO,ABBV,TPL,CPAY,FICO,VZ"
2016-07-01,3_aggressive,0.529,0.311,15,0.4,"FISV,TPL,NVDA,META,NEM,LVS,CPAY,FICO,EQT,GEN,V,ADBE,MA,EOG,FTNT"
2016-08-01,3_aggressive,0.376,0.25,15,0.467,"TPL,GEN,MU,NEM,FISV,EQT,PAYX,BKNG,CPAY,APA,NVDA,HLT,EOG,INCY,PTC"
2016-09-01,3_aggressive,0.336,0.235,15,0.4,"NEM,ZTS,ABBV,LLY,FISV,MU,GEN,EOG,TPL,ADBE,NVDA,MNST,CPAY,NOW,EQT"
2016-10-03,3_aggressive,0.448,0.279,15,0.533,"NEM,GEN,MU,FICO,FISV,ICE,TPL,MS,PAYX,DXCM,PTC,EQT,EBAY,ABBV,META"
2016-11-01,3_aggressive,0.568,0.327,15,0.467,"TPL,GEN,MU,EBAY,FISV,LVS,LLY,FICO,ADBE,INCY,EOG,PAYX,NVDA,DXCM,AVGO"
2016-12-01,3_aggressive,0.369,0.248,15,0.4,"GEN,MU,TPL,BKNG,PTC,ADBE,ADSK,EBAY,LVS,MA,NVDA,NEM,CPAY,FISV,LLY"
2017-01-03,3_aggressive,0.294,0.218,15,0.333,"TPL,GEN,CPAY,LVS,AMP,ADSK,BKNG,PTC,MU,EXPE,RJF,ADBE,MS,NVDA,BX"
2017-02-01,3_aggressive,0.258,0.203,15,0.533,"TPL,FISV,LVS,EOG,GS,MU,SCHW,MA,APA,AMP,ANET,CPAY,MS,BRO,NVDA"
2017-03-01,3_aggressive,0.225,0.19,15,0.6,"TPL,MU,NVDA,GEN,PTC,CF,EXPE,WDC,SCHW,MS,NFLX,FISV,GDDY,TER,ADSK"
2017-04-03,3_aggressive,0.332,0.233,15,0.467,"FISV,SCHW,GS,GEN,MS,INCY,PTC,TPL,MO,AVGO,MU,AMP,BRO,CME,CF"
2017-05-01,3_aggressive,0.258,0.203,15,0.333,"MU,INCY,FISV,AMP,SCHW,GS,NVDA,GEN,STX,CME,AVGO,LLY,URI,NEM,CF"
2017-06-01,3_aggressive,0.297,0.219,15,0.6,"GEN,LLY,MU,META,ADBE,FTNT,FICO,TPL,AVGO,FSLR,FISV,NVDA,EBAY,TPR,TER"
2017-07-03,3_aggressive,0.382,0.253,15,0.4,"GEN,MU,FISV,META,NVDA,ADSK,ADBE,AVGO,PTC,FTNT,LVS,V,TER,NEM,LRCX"
2017-08-01,3_aggressive,0.263,0.205,15,0.533,"MU,LVS,NVDA,ADBE,ANET,IDXX,FISV,ABBV,TPR,BMY,EXPE,FTNT,LLY,ORCL,GEN"
2017-09-01,3_aggressive,0.401,0.261,15,0.533,"FISV,TPR,TPL,VEEV,MU,NVDA,META,FSLR,EXPE,EQT,ADBE,NEM,LVS,DECK,ADSK"
2017-10-02,3_aggressive,0.288,0.215,15,0.4,"TPL,ADSK,ADBE,ZTS,NVDA,MA,META,NEM,MU,V,FISV,GEN,FSLR,INTU,TDG"
2017-11-01,3_aggressive,0.357,0.243,15,0.667,"TPL,NEM,CPAY,MU,FISV,VST,MSCI,GILD,EQT,ABBV,LLY,SCHW,PODD,MA,LULU"
2017-12-01,3_aggressive,0.426,0.27,15,0.467,"TPL,MU,NVDA,ADBE,EQT,META,CPAY,FISV,EOG,MA,ABBV,VST,FSLR,V,AMP"
2018-01-02,3_aggressive,0.357,0.243,15,0.533,"MU,FISV,PAYX,NVDA,TPL,ADBE,IBKR,PTC,META,NTAP,AMP,GEN,MCO,CDNS,NEM"
2018-02-01,3_aggressive,0.583,0.333,15,0.467,"MU,TPL,FISV,GEN,NVDA,ADBE,CF,FSLR,PAYX,CPAY,LRCX,LLY,UNP,SCHW,AMP"
2018-03-01,3_aggressive,0.593,0.337,15,0.4,"TPL,CPAY,LVS,EOG,NVDA,SCHW,MU,ANET,ABBV,AMP,ADBE,PAYX,FISV,DECK,MAR"
2018-04-02,3_aggressive,0.729,0.392,15,0.4,"FISV,SCHW,MU,CPAY,TPL,NVDA,PTC,ADBE,DECK,LVS,IBKR,FICO,MA,GEN,ADSK"
2018-05-01,3_aggressive,0.555,0.322,15,0.533,"MU,TPR,FISV,ADBE,NEM,TPL,STX,NVDA,CME,CPAY,LVS,FTNT,ZTS,EBAY,ANET"
2018-06-01,3_aggressive,0.473,0.289,15,0.467,"NEM,FISV,NVDA,CPAY,PTC,TPL,SCHW,TPR,ADSK,IBKR,MU,GEN,EBAY,FSLR,V"
2018-07-02,3_aggressive,0.485,0.294,15,0.467,"MU,FISV,TPL,NVDA,ADBE,LVS,BKNG,SCHW,IBKR,ADSK,NEM,NDAQ,MA,MCO,FICO"
2018-08-01,3_aggressive,0.284,0.214,15,0.533,"MU,FISV,TPL,PTC,ADSK,ADBE,MA,BKNG,MSCI,GEN,NFLX,FTNT,LITE,VST,GDDY"
2018-09-04,3_aggressive,0.293,0.217,15,0.733,"TPL,FISV,EOG,EXPE,APA,ADBE,LLY,CPAY,TDG,META,MU,NEM,RL,LVS,EQT"
2018-10-01,3_aggressive,0.226,0.19,15,0.6,"FICO,TPL,FISV,BRO,LLY,SPG,PAYX,CDNS,ADBE,DXCM,NVDA,META,DECK,PTC,EXPE"
2018-11-01,3_aggressive,0.619,0.348,15,0.467,"TPL,FISV,LLY,FICO,PAYX,GILD,BMY,AMGN,ADBE,MU,REGN,PTC,CPAY,GEN,NVDA"
2018-12-03,3_aggressive,0.506,0.302,15,0.6,"FISV,GEN,TPL,MO,CPAY,CF,DXCM,SPG,LLY,FTNT,TMUS,PM,ZTS,V,BMY"
2019-01-02,3_aggressive,0.805,0.422,15,0.6,"GEN,FISV,SPG,JNJ,FTNT,ADBE,LLY,AON,KO,FDS,V,ICE,MSFT,PAYX,IT"
2019-02-01,3_aggressive,0.566,0.327,15,0.6,"FISV,LLY,GEN,NEM,ADBE,V,CME,MCD,PTC,ADSK,FTNT,INCY,CF,AVGO,DXCM"
2019-03-01,3_aggressive,0.41,0.264,15,0.667,"GEN,NEM,FISV,AVGO,SPG,VICI,KO,META,ICE,VST,LVS,BKNG,CME,SBAC,TPL"
2019-04-01,3_aggressive,0.451,0.281,15,0.6,"NEM,FISV,GEN,META,NXPI,INCY,MU,LVS,LLY,CME,FSLR,DECK,ADBE,TTD,IBKR"
2019-05-01,3_aggressive,0.47,0.288,15,0.533,"GEN,MU,FISV,TPL,NEM,FICO,EQT,INCY,LLY,PTC,EBAY,STX,LVS,ANET,CPAY"
2019-06-03,3_aggressive,0.735,0.394,15,0.533,"TPL,META,CPAY,AVGO,LVS,FISV,EBAY,MU,GDDY,EQT,NFLX,MA,NVDA,ADBE,TER"
2019-07-01,3_aggressive,0.482,0.293,15,0.533,"TPL,AMP,FICO,FISV,MA,PAYX,MU,MSCI,ADSK,RCL,FDS,NVDA,ADBE,TTD,CPAY"
2019-08-01,3_aggressive,0.625,0.35,15,0.4,"CPAY,PCG,GEN,TPL,ADBE,NVDA,MA,V,NEM,MSCI,FISV,DECK,AMP,VEEV,FDS"
2019-09-03,3_aggressive,0.76,0.404,15,0.467,"FISV,FICO,ADBE,CPAY,META,VEEV,PAYX,CF,TPL,V,MU,MSFT,NEM,MA,FSLR"
2019-10-01,3_aggressive,0.653,0.361,15,0.267,"FISV,MU,GEN,FICO,META,CPAY,BX,NEM,BKNG,V,FSLR,GS,MA,CF,ADBE"
2019-11-01,3_aggressive,0.393,0.257,15,0.467,"FISV,NEM,CPAY,CME,GEN,MU,ZTS,ICE,FICO,MA,PODD,DXCM,EIX,EXPE,V"
2019-12-02,3_aggressive,0.426,0.271,15,0.733,"MU,GEN,WDC,FISV,LVS,NVDA,GOOG,GOOGL,AVGO,KLAC,GS,NXPI,LRCX,CPAY,META"
2020-01-02,3_aggressive,0.29,0.216,15,0.467,"FISV,SCHW,MU,CPAY,GEN,PODD,AVGO,VST,ABBV,NVDA,BMY,GOOG,GOOGL,DXCM,FTNT"
2020-02-03,3_aggressive,0.594,0.337,15,0.533,"NTAP,ABBV,MU,LVS,TPL,NVDA,GEN,AMGN,FISV,SCHW,AMP,ALGN,BMY,LLY,PTC"
2020-03-02,3_aggressive,0.793,0.417,15,0.333,"TPL,TPR,PTC,LVS,AMP,LLY,MS,SCHW,GEN,BMY,FISV,MU,ADSK,RL,ADBE"
2020-04-01,3_aggressive,0.9,0.46,15,0.6,"FISV,MU,ABBV,GEN,ADBE,TPL,BRO,TTD,NEM,MA,NVDA,META,FICO,ADSK,CPAY"
2020-05-01,3_aggressive,0.761,0.404,15,0.333,"FISV,TPL,PCG,MU,GEN,NEM,BRO,ADBE,NVDA,MA,LLY,PTC,V,AMT,FICO"
2020-06-01,3_aggressive,0.57,0.328,15,0.533,"GEN,NEM,MU,LLY,EQT,FISV,MSFT,GILD,ADBE,BMY,MSCI,NVDA,NFLX,DXCM,LVS"
2020-07-01,3_aggressive,0.567,0.327,15,0.467,"GEN,FISV,EQT,ANET,CPAY,MU,NEM,NVDA,GDDY,V,TPL,ADBE,LVS,PTC,SCHW"
2020-08-03,3_aggressive,0.447,0.279,15,0.6,"LLY,ADBE,GEN,INCY,EBAY,GILD,ABBV,MU,NVDA,AMGN,NEM,TPL,META,ORCL,NFLX"
2020-09-01,3_aggressive,0.371,0.248,15,0.4,"EQT,TPL,LLY,NEM,FISV,AMP,MU,GEN,INCY,EBAY,ADBE,NVDA,TER,LVS,BMY"
2020-10-01,3_aggressive,0.48,0.292,15,0.867,"APA,RCL,EXPE,EQT,CCL,SPG,NCLH,TPL,MAR,MS,TDG,TPR,META,BKNG,PTC"
2020-11-02,3_aggressive,0.55,0.32,15,0.733,"RCL,NVDA,ADBE,AVGO,AMP,FISV,MA,FICO,NCLH,BKNG,BRO,EXPE,IBKR,AAPL,LULU"
2020-12-01,3_aggressive,0.289,0.216,15,0.667,"NVDA,NEM,ADBE,GEN,CRM,RMD,EXPE,META,MU,MA,MSFT,BKNG,FSLR,ZTS,CPAY"
2021-01-04,3_aggressive,0.289,0.215,15,0.733,"FISV,RCL,MU,NVDA,MAR,TTD,SPG,AMP,META,STX,DECK,TPL,LVS,EXPE,GDDY"
2021-02-01,3_aggressive,0.319,0.228,15,0.533,"FISV,SCHW,LVS,EXPE,RCL,TPL,MS,MAR,MU,TPR,BKNG,HLT,ADSK,V,PAYX"
2021-03-01,3_aggressive,0.251,0.2,15,0.667,"TPL,FISV,MU,PTC,ANET,LLY,NEM,GEN,ADSK,FICO,NTAP,AVGO,PAYX,TTD,ADBE"
2021-04-01,3_aggressive,0.201,0.18,15,0.733,"TPL,MU,FISV,TPR,LLY,MS,SCHW,APA,LVS,EQT,SPG,EOG,CPAY,GS,IBKR"
2021-05-03,3_aggressive,0.184,0.174,15,0.467,"MU,TPL,FISV,PTC,LLY,IBKR,GEN,FICO,CPAY,AVGO,BKNG,MO,KLAC,LVS,SCHW"
2021-06-01,3_aggressive,0.214,0.186,15,0.533,"TPL,GEN,MU,TPR,MO,FISV,LLY,EOG,ORCL,AMP,EQT,RL,NTAP,RJF,IBKR"
2021-07-01,3_aggressive,0.261,0.205,15,0.333,"GEN,TPL,EQT,NEM,STX,LLY,AMP,SPG,WDC,EOG,FISV,MU,SCHW,MO,TPR"
2021-08-02,3_aggressive,0.387,0.255,15,0.467,"TPL,EOG,GEN,NVDA,SCHW,EXPE,META,SPG,TPR,FISV,NEM,AXP,GS,APA,ORCL"
2021-09-01,3_aggressive,0.244,0.198,15,0.667,"TPL,GEN,PAYX,ANET,NEM,LLY,ADSK,NVDA,FSLR,ADBE,DECK,LULU,META,MA,MU"
2021-10-01,3_aggressive,0.575,0.33,15,0.6,"GEN,ADBE,LLY,NVDA,META,RMD,ZTS,IDXX,BX,MS,GS,MSCI,REGN,CHTR,DECK"
2021-11-01,3_aggressive,0.367,0.247,15,0.667,"GEN,FISV,EBAY,LLY,ADBE,META,ORCL,EOG,PLTR,CF,NTAP,FTNT,GILD,NEM,NVDA"
2021-12-01,3_aggressive,0.668,0.367,15,0.667,"LLY,TPL,ADBE,ANET,FSLR,FTNT,ICE,SPG,PAYX,NVDA,FISV,CPAY,AMP,DXCM,ADSK"
2022-01-03,3_aggressive,0.282,0.213,15,0.467,"NVDA,BX,INTU,AMP,ADBE,MSFT,FTNT,FISV,AON,ORCL,DXCM,MU,TPL,ICE,NDAQ"
2022-02-01,3_aggressive,0.664,0.366,15,0.667,"GEN,NVDA,MU,SPG,EQT,IBKR,SCHW,EIX,FISV,AMP,ANET,AVGO,FDS,TPL,VST"
2022-03-01,3_aggressive,0.861,0.444,15,0.467,"SCHW,MU,FISV,SPG,MA,LVS,AMP,IBKR,GEN,STX,NEM,BKNG,V,NVDA,CME"
2022-04-01,3_aggressive,0.598,0.339,15,0.533,"TPL,MU,GEN,NEM,FICO,NVDA,EOG,LVS,SCHW,CF,IONQ,EXE,VST,AVGO,SPG"
2022-05-02,3_aggressive,0.756,0.402,15,0.467,"NEM,GEN,ABBV,FISV,MU,LLY,TPL,FICO,AMGN,INCY,EXE,EOG,AFL,CF,PFE"
2022-06-01,3_aggressive,0.626,0.351,15,0.467,"NEM,GEN,ABBV,BMY,FISV,CPAY,TPL,INCY,AVGO,KO,CF,LVS,LLY,GDDY,PTC"
2022-07-01,3_aggressive,0.718,0.387,15,0.667,"GEN,TPL,EQT,CPAY,EOG,FISV,NEM,APA,MO,EXE,MU,MA,BKNG,VST,ADBE"
2022-08-01,3_aggressive,0.519,0.307,15,0.533,"LLY,TPL,FTNT,CPAY,ABBV,BMY,GEN,MRK,INCY,NEM,EQT,AMGN,GDDY,EXE,EOG"
2022-09-01,3_aggressive,0.531,0.312,15,0.733,"FISV,PTC,TPL,ADBE,ADSK,MA,PAYX,CPAY,GEN,FIS,V,BKNG,CDNS,LLY,VEEV"
2022-10-03,3_aggressive,0.646,0.358,15,0.4,"FISV,PTC,TPL,VST,MA,GEN,CPAY,V,ADBE,EQT,MS,GS,ADSK,TPR,APP"
2022-11-01,3_aggressive,0.539,0.316,15,0.733,"TPL,FISV,LVS,LLY,RMD,BRO,SCHW,MU,EXE,TPR,EQT,FICO,NDAQ,NEM,DECK"
2022-12-01,3_aggressive,0.423,0.269,15,0.667,"TPL,LLY,GEN,RJF,SCHW,IBKR,AMGN,SPG,FISV,PTC,AMP,MU,FSLR,CF,BMY"
2023-01-03,3_aggressive,0.449,0.279,15,0.533,"TPL,RCL,EXE,FICO,GEN,AMP,MU,ANET,FISV,RJF,NVDA,EQT,IBKR,HLT,GILD"
2023-02-01,3_aggressive,0.292,0.217,15,0.733,"NEM,TPL,SCHW,EOG,GILD,LLY,ABBV,MRK,APA,FSLR,AMGN,EXE,RJF,LVS,MO"
2023-03-01,3_aggressive,0.387,0.255,15,0.667,"NEM,TPL,GEN,PTC,MA,MU,GILD,V,LLY,BMY,FISV,SPG,ADBE,SCHW,NFLX"
2023-04-03,3_aggressive,0.331,0.232,15,0.667,"FICO,SPG,RCL,LVS,FSLR,MU,FISV,ADBE,TPR,TPL,MO,INCY,VST,CPAY,AVGO"
2023-05-01,3_aggressive,0.255,0.202,15,0.467,"MU,NEM,ADBE,STX,FSLR,TER,PATH,TPL,FISV,NVDA,CPAY,NXPI,TPR,ACMR,AVGO"
2023-06-01,3_aggressive,0.21,0.184,15,0.667,"FISV,LVS,ZTS,NEM,CPAY,MU,BKNG,BRO,MA,V,LLY,MO,NVDA,APP,EIX"
2023-07-03,3_aggressive,0.117,0.147,15,0.733,"MU,LVS,NVDA,WDC,FSLR,PLTR,ADBE,TPL,GOOGL,GOOG,FISV,META,EXPE,FICO,PTC"
2023-08-01,3_aggressive,0.17,0.168,15,0.667,"FISV,CPAY,EQT,LLY,FTNT,META,NVDA,MSFT,MO,DXCM,FICO,ADBE,APP,MA,DECK"
2023-09-01,3_aggressive,0.21,0.184,15,0.6,"FISV,GEN,META,MU,TPL,CPAY,PAYX,BKNG,PLTR,RCL,APP,ADBE,EQT,JNJ,NEM"
2023-10-02,3_aggressive,0.405,0.262,15,0.533,"GEN,FISV,LLY,CPAY,SCHW,ADBE,MA,BRO,EQT,ORCL,APP,MU,FICO,V,NVDA"
2023-11-01,3_aggressive,0.446,0.279,15,0.467,"CPAY,GEN,APP,NVDA,LLY,TPL,PLTR,IBKR,CRDO,ADBE,MU,PAYX,META,EXPE,SCHW"
2023-12-01,3_aggressive,0.203,0.181,15,0.467,"TPL,APP,LLY,CF,ADBE,NVDA,META,MU,EQT,EOG,VST,CHTR,PLTR,BKNG,FISV"
2024-01-02,3_aggressive,0.199,0.179,15,0.467,"TPL,LLY,APP,ADBE,GEN,MU,FICO,FISV,GDDY,PTC,PAYX,NVDA,META,EXPE,DECK"
2024-02-01,3_aggressive,0.189,0.176,15,0.4,"TPL,APP,MU,GEN,FICO,FISV,SPG,GILD,LLY,NEM,CPAY,BKNG,EXPE,ADBE,LULU"
2024-03-01,3_aggressive,0.222,0.189,15,0.467,"FICO,EXPE,MU,ADBE,FISV,GDDY,PLTR,LLY,PATH,MSFT,BKNG,META,GEN,PTC,NVDA"
2024-04-01,3_aggressive,0.269,0.208,15,0.333,"GEN,META,FICO,FISV,NVDA,PLTR,LLY,EXPE,MU,APP,CRDO,TPR,V,SPG,PTC"
2024-05-01,3_aggressive,0.547,0.319,15,0.267,"GEN,MU,FISV,META,APP,NVDA,CPAY,TPR,MA,CRDO,ALGN,FICO,ANET,SPG,PTC"
2024-06-03,3_aggressive,0.32,0.228,15,0.4,"FISV,APP,CPAY,TPL,MU,META,AVGO,MA,ANET,PTC,SCHW,ADBE,V,NVDA,VST"
2024-07-01,3_aggressive,0.24,0.196,15,0.467,"FISV,MU,NVDA,EXE,APP,DECK,TPL,V,FSLR,BRO,MA,META,GEN,EQT,TPR"
2024-08-01,3_aggressive,0.623,0.349,15,0.6,"MU,LLY,APP,NVDA,TPL,META,VST,TER,PLTR,NEM,AVGO,TTD,GOOGL,FSLR,GOOG"
2024-09-03,3_aggressive,0.524,0.309,15,0.4,"TPL,NVDA,FSLR,GEN,VST,FICO,GOOG,MU,GOOGL,NEM,EOG,APP,GDDY,GS,CHTR"
2024-10-01,3_aggressive,0.473,0.289,15,0.6,"GEN,ADBE,TPL,NEM,LLY,MO,NVDA,AMGN,RMD,MCO,GDDY,ZTS,FISV,PM,FICO"
2024-11-01,3_aggressive,0.532,0.313,15,0.533,"GEN,LLY,NEM,META,FISV,AVGO,FTNT,FICO,TPL,NVDA,EBAY,MSCI,ICE,AFL,ORCL"
2024-12-02,3_aggressive,0.329,0.231,15,0.467,"TPL,AVGO,FISV,ADSK,FICO,ORCL,GILD,NEM,VEEV,ABBV,NVDA,INCY,ADBE,PAYX,META"
2025-01-02,3_aggressive,0.619,0.348,15,0.667,"TPL,GEN,CPAY,FISV,FICO,LVS,APP,BX,VEEV,RCL,ADBE,BKNG,MSCI,NDAQ,ICE"
2025-02-03,3_aggressive,0.624,0.35,15,0.533,"TPL,LVS,NVDA,GEN,EXPE,FICO,BKNG,AVGO,FISV,MU,EQT,APP,EXE,VST,CRDO"
2025-03-03,3_aggressive,0.729,0.391,15,0.467,"VST,TPL,FISV,SCHW,APP,META,AVGO,CRDO,RJF,CPAY,EQT,EXE,PLTR,MS,IBKR"
2025-04-01,3_aggressive,0.73,0.392,15,0.467,"TPL,CRDO,FISV,APP,GEN,ALAB,AVGO,META,GILD,BMY,RJF,FTNT,TPR,IBKR,ABBV"
2025-05-01,3_aggressive,0.652,0.361,15,0.467,"FISV,TPL,APP,GEN,EQT,META,EXE,BRO,NEM,GILD,CPAY,V,CRDO,BMY,EXPE"
2025-06-02,3_aggressive,0.418,0.267,15,0.467,"NEM,FISV,GEN,LLY,EQT,ABBV,TPR,TPL,MA,CPAY,VRSN,ICE,APP,V,AMT"
2025-07-01,3_aggressive,0.336,0.234,15,0.533,"TPL,GEN,EQT,EBAY,MU,PLTR,EXE,V,NEM,AMGN,CPAY,MA,PAYX,ADBE,META"
2025-08-01,3_aggressive,0.429,0.272,15,0.533,"MU,FISV,GEN,BKNG,NEM,TPL,NVDA,PM,ADBE,V,NFLX,UBER,BRO,EQT,RCL"
2025-09-02,3_aggressive,0.38,0.252,15,0.733,"MU,NVDA,GEN,PLTR,VST,SCHW,MSFT,APP,ORCL,AVGO,META,EBAY,INTU,HOOD,EQT"
2025-10-01,3_aggressive,0.34,0.236,15,0.533,"GEN,AVGO,META,PTC,CRDO,LVS,ORCL,RCL,FISV,ADSK,VST,MU,NVDA,BKNG,NTAP"
2025-11-03,3_aggressive,0.438,0.275,15,0.333,"NEM,TPR,FISV,GEN,META,ORCL,PTC,MU,APP,VST,RCL,NVDA,AVGO,ABBV,EBAY"
2025-12-01,3_aggressive,0.429,0.272,15,0.533,"MU,ORCL,NVDA,APP,INCY,TPL,ANET,FISV,NEM,IBKR,PLTR,FSLR,HOOD,EXPE,PTC"
2026-01-02,3_aggressive,0.365,0.246,15,0.467,"APP,LVS,AVGO,PLTR,MU,GEN,NEM,CRDO,PTC,FISV,HOOD,EQT,NVDA,IDXX,GOOG"
2026-02-02,3_aggressive,0.391,0.256,15,0.467,"APP,FICO,NEM,LLY,GEN,FISV,EXPE,MU,TPL,INCY,PATH,ADBE,CRDO,IDXX,LVS"
2026-03-02,3_aggressive,0.552,0.321,15,0.6,"LLY,SNDK,MU,INCY,NEM,TPL,GOOG,GOOGL,GEN,STX,CPAY,MS,GS,WDC,SCHW"
2026-04-01,3_aggressive,0.717,0.387,15,0.467,"TPL,MU,CPAY,LLY,SNDK,NEM,AMGN,GEN,FISV,GILD,EQT,ADBE,LVS,NVDA,GOOG"
2026-05-01,3_aggressive,0.39,0.256,15,0.4,"NEM,TPL,CPAY,DECK,TPR,LLY,SNDK,MU,AMGN,MRK,BMY,EQT,GILD,EIX,TER"
2010-02-01,4_tactical,0.317,0.317,8,1.0,"MU,GEN,LVS,NEM,NVDA,PAYX,GOOGL,GOOG"
2010-03-01,4_tactical,0.288,0.288,8,0.5,"GEN,NEM,MU,EOG,NVDA,AMP,NTAP,TPL"
2010-04-01,4_tactical,0.242,0.242,8,0.625,"V,PTC,GEN,MU,MA,NEM,FISV,MCO"
2010-05-03,4_tactical,0.35,0.35,8,0.625,"MU,NVDA,INCY,FISV,LVS,NEM,BKNG,PODD"
2010-06-01,4_tactical,0.739,0.739,8,0.625,"FISV,MU,ADSK,GEN,NVDA,FICO,AMP,TPL"
2010-07-01,4_tactical,0.815,0.815,8,0.75,"LVS,INCY,RJF,FISV,TPR,TPL,MAR,NEM"
2010-08-02,4_tactical,0.515,0.515,8,0.625,"NEM,TPL,IDXX,GEN,NFLX,MU,FISV,ICE"
2010-09-01,4_tactical,0.691,0.691,8,0.75,"LLY,BRO,FISV,LVS,INCY,LULU,MU,EOG"
2010-10-01,4_tactical,0.471,0.471,8,0.625,"FISV,NEM,BRO,FIS,SPG,TPL,LVS,BKNG"
2010-11-01,4_tactical,0.375,0.375,8,0.625,"TPL,NEM,FISV,FICO,LLY,INCY,EXPE,BMY"
2010-12-01,4_tactical,0.428,0.428,8,0.75,"TPL,GEN,FISV,BKNG,BX,MCO,LVS,MA"
2011-01-03,4_tactical,0.25,0.25,8,0.375,"TPL,FISV,EXPE,LVS,EBAY,TPR,BKNG,GEN"
2011-02-01,4_tactical,0.167,0.167,8,0.375,"TPL,GEN,LVS,BKNG,TPR,RCL,DECK,PTC"
2011-03-01,4_tactical,0.318,0.318,8,0.375,"MU,NVDA,GEN,LVS,RCL,TPR,ADSK,TPL"
2011-04-01,4_tactical,0.251,0.251,8,0.375,"ADBE,NVDA,SCHW,MU,GEN,RCL,FTNT,TPR"
2011-05-02,4_tactical,0.303,0.303,8,0.625,"TPL,MU,FISV,ADBE,TER,FICO,DECK,NVDA"
2011-06-01,4_tactical,0.396,0.396,8,0.375,"MU,FICO,SCHW,ADBE,NVDA,TPL,BX,ORCL"
2011-07-01,4_tactical,0.29,0.29,8,0.625,"TPL,FISV,EOG,MU,NVDA,MCO,BKNG,EQT"
2011-08-01,4_tactical,0.6,0.6,8,0.75,"TPL,INCY,FISV,GEN,V,AVGO,MO,FTNT"
2011-09-01,4_tactical,0.743,0.743,8,0.5,"FISV,GEN,MA,TPL,WDC,INCY,NEM,NFLX"
2011-10-03,4_tactical,0.894,0.894,8,0.5,"EXPE,TPL,LVS,EQT,SPG,FISV,NEM,GEN"
2011-11-01,4_tactical,0.739,0.739,8,0.375,"TPL,NEM,GEN,EXPE,LLY,V,FISV,MA"
2011-12-01,4_tactical,0.708,0.708,8,0.5,"NEM,LVS,MSFT,TPL,EQT,GEN,FISV,LULU"
2012-01-03,4_tactical,0.585,0.585,8,0.375,"NEM,EQT,FICO,MA,FISV,TPL,NVDA,LVS"
2012-02-01,4_tactical,0.43,0.43,8,0.625,"NEM,BMY,MA,FICO,LLY,MU,V,MO"
2012-03-01,4_tactical,0.343,0.343,8,0.875,"MU,ADSK,NVDA,PTC,ADBE,FISV,KLAC,AFL"
2012-04-02,4_tactical,0.329,0.329,8,0.5,"MU,EOG,PTC,ADBE,MS,FISV,AMP,TPL"
2012-05-01,4_tactical,0.34,0.34,8,0.625,"MU,LVS,FICO,BKNG,FISV,CPAY,GEN,TPL"
2012-06-01,4_tactical,0.654,0.654,8,0.5,"CPAY,TPL,BKNG,STX,FISV,ADBE,RMD,MSFT"
2012-07-02,4_tactical,0.373,0.373,8,0.5,"TPL,CPAY,FISV,LULU,ADBE,PTC,EBAY,EXPE"
2012-08-01,4_tactical,0.424,0.424,8,0.75,"TPL,FISV,BKNG,ICE,MA,SCHW,FICO,BRO"
2012-09-04,4_tactical,0.376,0.376,8,0.75,"TPL,FISV,EXPE,MU,EQT,MO,KO,MRK"
2012-10-01,4_tactical,0.321,0.321,8,0.625,"TPL,PAYX,GEN,CPAY,FISV,SPG,EBAY,MU"
2012-11-01,4_tactical,0.362,0.362,8,0.75,"NEM,LLY,VRTX,GEN,FISV,EQT,GOOG,GOOGL"
2012-12-03,4_tactical,0.417,0.417,8,0.75,"MS,GEN,STX,NXPI,EQT,NFLX,MU,WDC"
2013-01-02,4_tactical,0.274,0.274,8,0.75,"GEN,TMUS,FISV,LLY,MU,TPL,EOG,GILD"
2013-02-01,4_tactical,0.154,0.154,8,0.5,"FISV,ADBE,FSLR,LVS,CPAY,MU,TPL,LLY"
2013-03-01,4_tactical,0.257,0.257,8,0.625,"LVS,ADSK,FISV,SCHW,MA,MS,RCL,MU"
2013-04-01,4_tactical,0.238,0.238,8,0.5,"GEN,MU,SCHW,LRCX,FISV,MS,FSLR,INCY"
2013-05-01,4_tactical,0.324,0.324,8,0.375,"MU,CPAY,TPL,GEN,BKNG,INCY,FISV,SCHW"
2013-06-03,4_tactical,0.335,0.335,8,0.25,"GEN,FISV,ADBE,MU,LVS,TPL,CPAY,INCY"
2013-07-01,4_tactical,0.47,0.47,8,0.5,"TPL,CPAY,LVS,GEN,MS,FSLR,EQT,BMY"
2013-08-01,4_tactical,0.299,0.299,8,0.625,"TPL,MU,ADBE,NVDA,MSFT,BKNG,CPAY,BMY"
2013-09-03,4_tactical,0.538,0.538,8,0.625,"FISV,FSLR,TPL,MU,PAYX,STX,ADBE,MCO"
2013-10-01,4_tactical,0.253,0.253,8,0.625,"TPL,SCHW,MS,NVDA,FISV,MU,NXPI,GEN"
2013-11-01,4_tactical,0.215,0.215,8,0.5,"MU,FISV,PTC,META,TPL,CPAY,EOG,GEN"
2013-12-02,4_tactical,0.16,0.16,8,0.375,"GEN,META,EOG,FISV,CRM,MU,IDXX,ADBE"
2014-01-02,4_tactical,0.21,0.21,8,0.625,"MU,CPAY,BKNG,FISV,TPL,DECK,META,MS"
2014-02-03,4_tactical,0.685,0.685,8,0.625,"FISV,MU,IBKR,LVS,EXPE,BMY,CPAY,FICO"
2014-03-03,4_tactical,0.481,0.481,8,0.875,"MU,INCY,V,ADSK,MA,META,TPL,ADBE"
2014-04-01,4_tactical,0.272,0.272,8,0.375,"TPL,MU,PTC,FISV,ADBE,INCY,META,GOOG"
2014-05-01,4_tactical,0.333,0.333,8,0.375,"LLY,NVDA,PTC,ADBE,INCY,TPL,ADSK,META"
2014-06-02,4_tactical,0.332,0.332,8,0.625,"FISV,EQT,LLY,TPL,MU,NEM,INCY,IDXX"
2014-07-01,4_tactical,0.211,0.211,8,0.5,"TPL,NVDA,MU,CPAY,FISV,META,NEM,SPG"
2014-08-01,4_tactical,0.728,0.728,8,0.375,"NVDA,NEM,MU,ADBE,MO,TPL,LLY,CPAY"
2014-09-02,4_tactical,0.433,0.433,8,0.625,"GEN,MU,NEM,FICO,EOG,DECK,FSLR,TPL"
2014-10-01,4_tactical,0.787,0.787,8,0.5,"GEN,FISV,TPL,PTC,CPAY,RMD,NEM,MU"
2014-11-03,4_tactical,0.566,0.566,8,0.75,"META,TPL,NFLX,ADBE,GEN,VEEV,LLY,ADSK"
2014-12-01,4_tactical,0.523,0.523,8,0.75,"META,CPAY,SCHW,GILD,TPL,NOW,MS,FISV"
2015-01-02,4_tactical,0.641,0.641,8,0.875,"FISV,GEN,INCY,ICE,LLY,AMGN,PAYX,NVDA"
2015-02-02,4_tactical,0.775,0.775,8,0.625,"FISV,ABBV,MU,RCL,AVGO,GEN,V,NVDA"
2015-03-02,4_tactical,0.448,0.448,8,0.625,"FISV,GEN,LLY,SPG,IBKR,V,DXCM,CPAY"
2015-04-01,4_tactical,0.734,0.734,8,0.625,"NVDA,V,FISV,GEN,INCY,MA,ADBE,AVGO"
2015-05-01,4_tactical,0.464,0.464,8,0.5,"FICO,FISV,TPR,V,ZTS,RMD,AVGO,ADBE"
2015-06-01,4_tactical,0.494,0.494,8,0.5,"FISV,TPL,NEM,RMD,LULU,GEN,TPR,FICO"
2015-07-01,4_tactical,0.611,0.611,8,0.625,"TPL,NEM,EQT,AVGO,FISV,NXPI,FSLR,CPAY"
2015-08-03,4_tactical,0.48,0.48,8,0.75,"TPL,FISV,PTC,LLY,FICO,INCY,GEN,ADBE"
2015-09-01,4_tactical,0.83,0.83,8,0.625,"PTC,FISV,SCHW,ABBV,FTNT,CPAY,MCO,ADBE"
2015-10-01,4_tactical,0.795,0.795,8,0.5,"FISV,ABBV,CPAY,GEN,GILD,EBAY,META,SCHW"
2015-11-02,4_tactical,0.388,0.388,8,0.625,"FISV,LLY,V,IDXX,GEN,AVGO,ADBE,CPAY"
2015-12-01,4_tactical,0.379,0.379,8,0.75,"FISV,META,BKNG,MA,EXPE,RCL,SPG,GEN"
2016-01-04,4_tactical,0.627,0.627,8,0.625,"FISV,BKNG,NVDA,TPL,ADSK,META,V,EBAY"
2016-02-01,4_tactical,0.764,0.764,8,0.5,"NVDA,TPL,GEN,FISV,ADSK,ADBE,NEM,MU"
2016-03-01,4_tactical,0.694,0.694,8,0.5,"NEM,TPL,FISV,GEN,FSLR,MSFT,LLY,ICE"
2016-04-01,4_tactical,0.437,0.437,8,0.375,"NEM,LVS,GEN,ADSK,FSLR,TPL,FISV,TPR"
2016-05-02,4_tactical,0.432,0.432,8,0.5,"GEN,AVGO,NVDA,FISV,FSLR,NEM,NXPI,MRVL"
2016-06-01,4_tactical,0.364,0.364,8,0.625,"NEM,FISV,SPG,TPR,META,LVS,GEN,DECK"
2016-07-01,4_tactical,0.529,0.529,8,0.5,"FISV,TPL,NVDA,META,NEM,LVS,CPAY,FICO"
2016-08-01,4_tactical,0.376,0.376,8,0.625,"TPL,GEN,MU,NEM,FISV,EQT,PAYX,BKNG"
2016-09-01,4_tactical,0.336,0.336,8,0.5,"NEM,ZTS,ABBV,LLY,FISV,MU,GEN,EOG"
2016-10-03,4_tactical,0.448,0.448,8,0.5,"NEM,GEN,MU,FICO,FISV,ICE,TPL,MS"
2016-11-01,4_tactical,0.568,0.568,8,0.375,"TPL,GEN,MU,EBAY,FISV,LVS,LLY,FICO"
2016-12-01,4_tactical,0.369,0.369,8,0.5,"GEN,MU,TPL,BKNG,PTC,ADBE,ADSK,EBAY"
2017-01-03,4_tactical,0.294,0.294,8,0.375,"TPL,GEN,CPAY,LVS,AMP,ADSK,BKNG,PTC"
2017-02-01,4_tactical,0.258,0.258,8,0.75,"TPL,FISV,LVS,EOG,GS,MU,SCHW,MA"
2017-03-01,4_tactical,0.225,0.225,8,0.75,"TPL,MU,NVDA,GEN,PTC,CF,EXPE,WDC"
2017-04-03,4_tactical,0.332,0.332,8,0.625,"FISV,SCHW,GS,GEN,MS,INCY,PTC,TPL"
2017-05-01,4_tactical,0.258,0.258,8,0.375,"MU,INCY,FISV,AMP,SCHW,GS,NVDA,GEN"
2017-06-01,4_tactical,0.297,0.297,8,0.75,"GEN,LLY,MU,META,ADBE,FTNT,FICO,TPL"
2017-07-03,4_tactical,0.382,0.382,8,0.5,"GEN,MU,FISV,META,NVDA,ADSK,ADBE,AVGO"
2017-08-01,4_tactical,0.263,0.263,8,0.5,"MU,LVS,NVDA,ADBE,ANET,IDXX,FISV,ABBV"
2017-09-01,4_tactical,0.401,0.401,8,0.625,"FISV,TPR,TPL,VEEV,MU,NVDA,META,FSLR"
2017-10-02,4_tactical,0.288,0.288,8,0.625,"TPL,ADSK,ADBE,ZTS,NVDA,MA,META,NEM"
2017-11-01,4_tactical,0.357,0.357,8,0.75,"TPL,NEM,CPAY,MU,FISV,VST,MSCI,GILD"
2017-12-01,4_tactical,0.426,0.426,8,0.5,"TPL,MU,NVDA,ADBE,EQT,META,CPAY,FISV"
2018-01-02,4_tactical,0.357,0.357,8,0.375,"MU,FISV,PAYX,NVDA,TPL,ADBE,IBKR,PTC"
2018-02-01,4_tactical,0.583,0.583,8,0.375,"MU,TPL,FISV,GEN,NVDA,ADBE,CF,FSLR"
2018-03-01,4_tactical,0.593,0.593,8,0.625,"TPL,CPAY,LVS,EOG,NVDA,SCHW,MU,ANET"
2018-04-02,4_tactical,0.729,0.729,8,0.375,"FISV,SCHW,MU,CPAY,TPL,NVDA,PTC,ADBE"
2018-05-01,4_tactical,0.555,0.555,8,0.375,"MU,TPR,FISV,ADBE,NEM,TPL,STX,NVDA"
2018-06-01,4_tactical,0.473,0.473,8,0.375,"NEM,FISV,NVDA,CPAY,PTC,TPL,SCHW,TPR"
2018-07-02,4_tactical,0.485,0.485,8,0.5,"MU,FISV,TPL,NVDA,ADBE,LVS,BKNG,SCHW"
2018-08-01,4_tactical,0.284,0.284,8,0.375,"MU,FISV,TPL,PTC,ADSK,ADBE,MA,BKNG"
2018-09-04,4_tactical,0.293,0.293,8,0.625,"TPL,FISV,EOG,EXPE,APA,ADBE,LLY,CPAY"
2018-10-01,4_tactical,0.226,0.226,8,0.625,"FICO,TPL,FISV,BRO,LLY,SPG,PAYX,CDNS"
2018-11-01,4_tactical,0.619,0.619,8,0.375,"TPL,FISV,LLY,FICO,PAYX,GILD,BMY,AMGN"
2018-12-03,4_tactical,0.506,0.506,8,0.75,"FISV,GEN,TPL,MO,CPAY,CF,DXCM,SPG"
2019-01-02,4_tactical,0.805,0.805,8,0.625,"GEN,FISV,SPG,JNJ,FTNT,ADBE,LLY,AON"
2019-02-01,4_tactical,0.566,0.566,8,0.5,"FISV,LLY,GEN,NEM,ADBE,V,CME,MCD"
2019-03-01,4_tactical,0.41,0.41,8,0.625,"GEN,NEM,FISV,AVGO,SPG,VICI,KO,META"
2019-04-01,4_tactical,0.451,0.451,8,0.5,"NEM,FISV,GEN,META,NXPI,INCY,MU,LVS"
2019-05-01,4_tactical,0.47,0.47,8,0.375,"GEN,MU,FISV,TPL,NEM,FICO,EQT,INCY"
2019-06-03,4_tactical,0.735,0.735,8,0.625,"TPL,META,CPAY,AVGO,LVS,FISV,EBAY,MU"
2019-07-01,4_tactical,0.482,0.482,8,0.625,"TPL,AMP,FICO,FISV,MA,PAYX,MU,MSCI"
2019-08-01,4_tactical,0.625,0.625,8,0.75,"CPAY,PCG,GEN,TPL,ADBE,NVDA,MA,V"
2019-09-03,4_tactical,0.76,0.76,8,0.75,"FISV,FICO,ADBE,CPAY,META,VEEV,PAYX,CF"
2019-10-01,4_tactical,0.653,0.653,8,0.5,"FISV,MU,GEN,FICO,META,CPAY,BX,NEM"
2019-11-01,4_tactical,0.393,0.393,8,0.375,"FISV,NEM,CPAY,CME,GEN,MU,ZTS,ICE"
2019-12-02,4_tactical,0.426,0.426,8,0.625,"MU,GEN,WDC,FISV,LVS,NVDA,GOOG,GOOGL"
2020-01-02,4_tactical,0.29,0.29,8,0.625,"FISV,SCHW,MU,CPAY,GEN,PODD,AVGO,VST"
2020-02-03,4_tactical,0.594,0.594,8,0.75,"NTAP,ABBV,MU,LVS,TPL,NVDA,GEN,AMGN"
2020-03-02,4_tactical,0.793,0.793,8,0.75,"TPL,TPR,PTC,LVS,AMP,LLY,MS,SCHW"
2020-04-01,4_tactical,0.9,0.9,8,0.875,"FISV,MU,ABBV,GEN,ADBE,TPL,BRO,TTD"
2020-05-01,4_tactical,0.761,0.761,8,0.25,"FISV,TPL,PCG,MU,GEN,NEM,BRO,ADBE"
2020-06-01,4_tactical,0.57,0.57,8,0.5,"GEN,NEM,MU,LLY,EQT,FISV,MSFT,GILD"
2020-07-01,4_tactical,0.567,0.567,8,0.375,"GEN,FISV,EQT,ANET,CPAY,MU,NEM,NVDA"
2020-08-03,4_tactical,0.447,0.447,8,0.75,"LLY,ADBE,GEN,INCY,EBAY,GILD,ABBV,MU"
2020-09-01,4_tactical,0.371,0.371,8,0.625,"EQT,TPL,LLY,NEM,FISV,AMP,MU,GEN"
2020-10-01,4_tactical,0.48,0.48,8,0.75,"APA,RCL,EXPE,EQT,CCL,SPG,NCLH,TPL"
2020-11-02,4_tactical,0.55,0.55,8,0.875,"RCL,NVDA,ADBE,AVGO,AMP,FISV,MA,FICO"
2020-12-01,4_tactical,0.289,0.289,8,0.75,"NVDA,NEM,ADBE,GEN,CRM,RMD,EXPE,META"
2021-01-04,4_tactical,0.289,0.289,8,0.875,"FISV,RCL,MU,NVDA,MAR,TTD,SPG,AMP"
2021-02-01,4_tactical,0.319,0.319,8,0.625,"FISV,SCHW,LVS,EXPE,RCL,TPL,MS,MAR"
2021-03-01,4_tactical,0.251,0.251,8,0.75,"TPL,FISV,MU,PTC,ANET,LLY,NEM,GEN"
2021-04-01,4_tactical,0.201,0.201,8,0.5,"TPL,MU,FISV,TPR,LLY,MS,SCHW,APA"
2021-05-03,4_tactical,0.184,0.184,8,0.5,"MU,TPL,FISV,PTC,LLY,IBKR,GEN,FICO"
2021-06-01,4_tactical,0.214,0.214,8,0.375,"TPL,GEN,MU,TPR,MO,FISV,LLY,EOG"
2021-07-01,4_tactical,0.261,0.261,8,0.625,"GEN,TPL,EQT,NEM,STX,LLY,AMP,SPG"
2021-08-02,4_tactical,0.387,0.387,8,0.625,"TPL,EOG,GEN,NVDA,SCHW,EXPE,META,SPG"
2021-09-01,4_tactical,0.244,0.244,8,0.625,"TPL,GEN,PAYX,ANET,NEM,LLY,ADSK,NVDA"
2021-10-01,4_tactical,0.575,0.575,8,0.625,"GEN,ADBE,LLY,NVDA,META,RMD,ZTS,IDXX"
2021-11-01,4_tactical,0.367,0.367,8,0.5,"GEN,FISV,EBAY,LLY,ADBE,META,ORCL,EOG"
2021-12-01,4_tactical,0.668,0.668,8,0.75,"LLY,TPL,ADBE,ANET,FSLR,FTNT,ICE,SPG"
2022-01-03,4_tactical,0.282,0.282,8,0.75,"NVDA,BX,INTU,AMP,ADBE,MSFT,FTNT,FISV"
2022-02-01,4_tactical,0.664,0.664,8,0.875,"GEN,NVDA,MU,SPG,EQT,IBKR,SCHW,EIX"
2022-03-01,4_tactical,0.861,0.861,8,0.5,"SCHW,MU,FISV,SPG,MA,LVS,AMP,IBKR"
2022-04-01,4_tactical,0.598,0.598,8,0.75,"TPL,MU,GEN,NEM,FICO,NVDA,EOG,LVS"
2022-05-02,4_tactical,0.756,0.756,8,0.375,"NEM,GEN,ABBV,FISV,MU,LLY,TPL,FICO"
2022-06-01,4_tactical,0.626,0.626,8,0.375,"NEM,GEN,ABBV,BMY,FISV,CPAY,TPL,INCY"
2022-07-01,4_tactical,0.718,0.718,8,0.375,"GEN,TPL,EQT,CPAY,EOG,FISV,NEM,APA"
2022-08-01,4_tactical,0.519,0.519,8,0.625,"LLY,TPL,FTNT,CPAY,ABBV,BMY,GEN,MRK"
2022-09-01,4_tactical,0.531,0.531,8,0.75,"FISV,PTC,TPL,ADBE,ADSK,MA,PAYX,CPAY"
2022-10-03,4_tactical,0.646,0.646,8,0.375,"FISV,PTC,TPL,VST,MA,GEN,CPAY,V"
2022-11-01,4_tactical,0.539,0.539,8,0.75,"TPL,FISV,LVS,LLY,RMD,BRO,SCHW,MU"
2022-12-01,4_tactical,0.423,0.423,8,0.625,"TPL,LLY,GEN,RJF,SCHW,IBKR,AMGN,SPG"
2023-01-03,4_tactical,0.449,0.449,8,0.75,"TPL,RCL,EXE,FICO,GEN,AMP,MU,ANET"
2023-02-01,4_tactical,0.292,0.292,8,0.875,"NEM,TPL,SCHW,EOG,GILD,LLY,ABBV,MRK"
2023-03-01,4_tactical,0.387,0.387,8,0.625,"NEM,TPL,GEN,PTC,MA,MU,GILD,V"
2023-04-03,4_tactical,0.331,0.331,8,0.875,"FICO,SPG,RCL,LVS,FSLR,MU,FISV,ADBE"
2023-05-01,4_tactical,0.255,0.255,8,0.625,"MU,NEM,ADBE,STX,FSLR,TER,PATH,TPL"
2023-06-01,4_tactical,0.21,0.21,8,0.75,"FISV,LVS,ZTS,NEM,CPAY,MU,BKNG,BRO"
2023-07-03,4_tactical,0.117,0.117,8,0.75,"MU,LVS,NVDA,WDC,FSLR,PLTR,ADBE,TPL"
2023-08-01,4_tactical,0.17,0.17,8,0.875,"FISV,CPAY,EQT,LLY,FTNT,META,NVDA,MSFT"
2023-09-01,4_tactical,0.21,0.21,8,0.625,"FISV,GEN,META,MU,TPL,CPAY,PAYX,BKNG"
2023-10-02,4_tactical,0.405,0.405,8,0.625,"GEN,FISV,LLY,CPAY,SCHW,ADBE,MA,BRO"
2023-11-01,4_tactical,0.446,0.446,8,0.625,"CPAY,GEN,APP,NVDA,LLY,TPL,PLTR,IBKR"
2023-12-01,4_tactical,0.203,0.203,8,0.5,"TPL,APP,LLY,CF,ADBE,NVDA,META,MU"
2024-01-02,4_tactical,0.199,0.199,8,0.375,"TPL,LLY,APP,ADBE,GEN,MU,FICO,FISV"
2024-02-01,4_tactical,0.189,0.189,8,0.25,"TPL,APP,MU,GEN,FICO,FISV,SPG,GILD"
2024-03-01,4_tactical,0.222,0.222,8,0.625,"FICO,EXPE,MU,ADBE,FISV,GDDY,PLTR,LLY"
2024-04-01,4_tactical,0.269,0.269,8,0.375,"GEN,META,FICO,FISV,NVDA,PLTR,LLY,EXPE"
2024-05-01,4_tactical,0.547,0.547,8,0.5,"GEN,MU,FISV,META,APP,NVDA,CPAY,TPR"
2024-06-03,4_tactical,0.32,0.32,8,0.375,"FISV,APP,CPAY,TPL,MU,META,AVGO,MA"
2024-07-01,4_tactical,0.24,0.24,8,0.5,"FISV,MU,NVDA,EXE,APP,DECK,TPL,V"
2024-08-01,4_tactical,0.623,0.623,8,0.5,"MU,LLY,APP,NVDA,TPL,META,VST,TER"
2024-09-03,4_tactical,0.524,0.524,8,0.5,"TPL,NVDA,FSLR,GEN,VST,FICO,GOOG,MU"
2024-10-01,4_tactical,0.473,0.473,8,0.625,"GEN,ADBE,TPL,NEM,LLY,MO,NVDA,AMGN"
2024-11-01,4_tactical,0.532,0.532,8,0.625,"GEN,LLY,NEM,META,FISV,AVGO,FTNT,FICO"
2024-12-02,4_tactical,0.329,0.329,8,0.5,"TPL,AVGO,FISV,ADSK,FICO,ORCL,GILD,NEM"
2025-01-02,4_tactical,0.619,0.619,8,0.625,"TPL,GEN,CPAY,FISV,FICO,LVS,APP,BX"
2025-02-03,4_tactical,0.624,0.624,8,0.5,"TPL,LVS,NVDA,GEN,EXPE,FICO,BKNG,AVGO"
2025-03-03,4_tactical,0.729,0.729,8,0.75,"VST,TPL,FISV,SCHW,APP,META,AVGO,CRDO"
2025-04-01,4_tactical,0.73,0.73,8,0.25,"TPL,CRDO,FISV,APP,GEN,ALAB,AVGO,META"
2025-05-01,4_tactical,0.652,0.652,8,0.375,"FISV,TPL,APP,GEN,EQT,META,EXE,BRO"
2025-06-02,4_tactical,0.418,0.418,8,0.5,"NEM,FISV,GEN,LLY,EQT,ABBV,TPR,TPL"
2025-07-01,4_tactical,0.336,0.336,8,0.625,"TPL,GEN,EQT,EBAY,MU,PLTR,EXE,V"
2025-08-01,4_tactical,0.429,0.429,8,0.625,"MU,FISV,GEN,BKNG,NEM,TPL,NVDA,PM"
2025-09-02,4_tactical,0.38,0.38,8,0.625,"MU,NVDA,GEN,PLTR,VST,SCHW,MSFT,APP"
2025-10-01,4_tactical,0.34,0.34,8,0.875,"GEN,AVGO,META,PTC,CRDO,LVS,ORCL,RCL"
2025-11-03,4_tactical,0.438,0.438,8,0.5,"NEM,TPR,FISV,GEN,META,ORCL,PTC,MU"
2025-12-01,4_tactical,0.429,0.429,8,0.625,"MU,ORCL,NVDA,APP,INCY,TPL,ANET,FISV"
2026-01-02,4_tactical,0.365,0.365,8,0.75,"APP,LVS,AVGO,PLTR,MU,GEN,NEM,CRDO"
2026-02-02,4_tactical,0.391,0.391,8,0.5,"APP,FICO,NEM,LLY,GEN,FISV,EXPE,MU"
2026-03-02,4_tactical,0.552,0.552,8,0.625,"LLY,SNDK,MU,INCY,NEM,TPL,GOOG,GOOGL"
2026-04-01,4_tactical,0.717,0.717,8,0.375,"TPL,MU,CPAY,LLY,SNDK,NEM,AMGN,GEN"
2026-05-01,4_tactical,0.39,0.39,8,0.25,"NEM,TPL,CPAY,DECK,TPR,LLY,SNDK,MU"
